"SL No.","UPC Code","Item Name","Category Name","Last Purchase Price","Last Sale Price","Company Name","Stock Quantity","Total Quantity"
1,11803088990000,"Gillette After Shave 100ml","After Shave",360,360,,1,1
2,1802112000000,"Skin Expart Men Aftershave+BW Set","After Shave",700,750,,0,0
3,11803088980000,"Brut After Sahve 100ml","After Shave",290,300,,1,1
4,"8992779139406 8992779140402 8992779136405     ","Glade Air Freshener 350ml","Air Freshener",200,250,,0,0
5,1802117000000,"Ambi Pur Car Air Freshener 7ml","Air Freshener",400,500,,0,0
6,11804151014000,"Daily Fresh Gel 70gm","Air Freshener",160,200,,447,447
7,"8850175012290 8850175012276 8850175012283     ","Glade Scented Gel 200ml","Air Freshener",160,180,,120,120
8,8850535630904,"ATM Air Freshener Refill 70gm","Air Freshener",28,32,,0,0
9,8850535010812,"ATM Air Freshener Hangar 70gm","Air Freshener",38,42,,253,253
10,11803159330000,"Glade  Gel 75ml","Air Freshener",140,200,,264,264
11,11803068750000,"Top Car Paper AirFreshner 2ml","Air Freshener",25,50,,5,5
12,11803159310000,"700 Car Air-Freshener ","Air Freshener",110,150,,357,357
13,4056800891535,"GLADE MATIC DEVICE AUTO SET","Air Freshener",400,800,,188,188
14,11803068730000,"700Car Freshner 150ml","Air Freshener",0,0,,0,0
15,"8850175018773 8850175018797 8850175018780     ","Glade Airfreshener 75ml","Air Freshener",140,200,,0,0
16,8992779145100,"Glade Air Freshener 250ml","Air Freshener",140,180,,1161,1161
17,"8850175010845 8850175010821 8850175014416     ","Glade Gel 70ml","Air Freshener",90,100,,1605,1605
18,8850175021667,"Glade Car 7ml","Air Freshener",240,500,,226,226
19,4701,"Fresh N Fresh Air-Freshner 300ml","Air Freshener",140,200,,0,0
20,8994037110011,"Tokyo Air Freshner 70ml","Air Freshener",50,60,,2,2
21,11803068760000,"Natural SPA 65ml","Air Freshener",120,120,,122,122
22,11803068740000,"Big Orange Airfreshner 320ml","Air Freshener",130,160,,118,118
23,11803068720000,"Lupai/Lesiyuan  Car Air Freshener 100ml","Air Freshener",100,150,,5,5
24,"8850002011892 8850002012554      ","Kodomo Shampoo 400ml","Baby Body Wash",340,350,,80,80
25,9556006060308,"Johnson Milk Bath 100ml","Baby Body Wash",90,100,,28,28
26,8850002010352,"Kodomo Baby Bath 400ml","Baby Body Wash",350,350,,53,53
27,1802111800000,"Johnson Top To Toe 500ml","Baby Body Wash",350,400,,9,9
28,8850002010338,"Kodomo Baby Bath 200ml","Baby Body Wash",170,215,,12,12
29,8850002010314,"Kodomo Baby Bath 100ml","Baby Body Wash",90,115,,243,243
30,11804059720000,"Kodomo Body Wash 180ml Pump","Baby Body Wash",130,200,,776,776
31,9556006012086,"Johnson Top To Toe 100ml","Baby Body Wash",85,110,,1537,1537
32,9556006000304,"Johnson Milk Bath 200ml","Baby Body Wash",160,200,,3299,3299
33,8850002019690,"Kodomo Top-to Wash 400ml","Baby Body Wash",350,350,,4,4
34,9556006012093,"Johnson Top To Toe 200ml","Baby Body Wash",160,200,,2193,2193
35,8850002016958,"Kodomo Top-to Wash 200ml","Baby Body Wash",170,215,,394,394
36,8850002016934,"Kodomo Top-to Wash 100ml","Baby Body Wash",90,115,,848,848
37,11802268400000,"Johnson Baby Bath Active Fresh 200ml","Baby Body Wash",150,200,,6,6
38,8850007090281,"Johnson Milk Bath 500ml","Baby Body Wash",350,400,,37,37
39,"8991111102719 8991111101613      ","Johnson Baby Cologne 125ml","Baby Cologne",160,180,,134,134
40,8993417502217,"B & B Cologne 120ml","Baby Cologne Spray",120,180,,57,57
41,88530215,"Johnson Baby Cream Milk/Pink 100ml","Baby Cream",270,285,,1,1
42,11803068900000,"Johnson Baby Cream Milk 50ml","Baby Cream",170,190,,0,0
43,"88531649 88530208      ","Johnson Baby Cream Milk/Pink 50ml","Baby Cream",180,190,,1040,1040
44,8850002907645,"Kodomo Gift Set Large Box","Baby Gift Set",700,880,,168,168
45,1802112400000,"Johnson Gift Set Small","Baby Gift Set",350,450,,946,946
46,8850002907638,"Kodomo Gift Set Small","Baby Gift Set",450,500,,106,106
47,8998103001029,"Cussons Baby Set Mini","Baby Gift Set",260,300,,2,2
48,1802112300000,"Johnson Gift Set Large","Baby Gift Set",700,850,,443,443
49,11804059710000,"Johnson Gift Box Large (Paper)","Baby Gift Set",700,850,,82,82
50,11803109110000,"Vipada Whitening Lotion 200ml","Baby Lotion",150,220,,75,75
51,11803089070000,"Dove Lotion 400ml","Baby Lotion",315,320,,1,1
52,11802288640000,"Anovia Kids Sunlotion 65ml","Baby Lotion",220,250,,0,0
53,11805081048000,"Jhonsons Baby lotion 100ml Pink","Baby Lotion",95,95,,0,0
54,8858989875230,"Tomato Lotion 500ml Thai","Baby Lotion",500,850,,90,90
55,"8850007032274 8850007032267      ","Johnson Baby Lotion 500ml","Baby Lotion",450,550,,150,150
56,1802112900000,"Johnson Baby Lotion 200ml (Pink)","Baby Lotion",200,220,,1777,1777
57,11802278500000,"Vaseline lotion 100ml","Baby Lotion",110,130,,482,482
58,11802258290000,"Isme Lotion 150ml","Baby Lotion",150,200,,149,149
59,"9556006060346 9556006060254      ","Johnson Baby Lotion 100ml","Baby Lotion",100,110,,8490,8490
60,11802288590000,"Nivea Lotion 100ml","Baby Lotion",100,150,,1000,1000
61,9556006060353,"Johnson Baby Lotion 200ml (Milk)","Baby Lotion",200,240,,2068,2068
62,8850002019614,"Kodomo Lotion 200ml","Baby Lotion",200,245,,151,151
63,8998103004495,"Cussons Baby Oil 200ml","Baby Oil",240,260,,2,2
64,8410207115872,"Johnson Baby Oil 300ml","Baby Oil",220,240,,0,0
65,8850169547210,"Cussons Baby Oil 100ml","Baby Oil",140,160,,57,57
66,8410207175852,"Johnson Baby Oil 500ml","Baby Oil",380,400,,84,84
67,11802258250000,"Cussons Mosquito oil 100ml","Baby Oil",250,300,,6,6
68,8850002006614,"Kodomo Baby Powder 200ml Extra 50ml","Baby Powder",100,120,,31,31
69,11804151012000,"Kodomo Baby Powder 180gm","Baby Powder",100,120,,15,15
70,8850007010722,"Johnson Baby Powder 400gm","Baby Powder",200,230,,41,41
71,"8850002850415 8850002851962      ","Enfant Baby Powder 500ml","Baby Powder",180,250,,0,0
72,"8993417384219 8993417384233      ","Eskulin Disney Baby Powder 150gm","Baby Powder",120,120,,363,363
73,"8850007010265 8850007010302      ","Johnson Baby Powder 200gm","Baby Powder",100,115,,6,6
74,11804121002000,"ST Zukes Baby Powder 150ml","Baby Powder",100,150,,32,32
75,8851123341035,"Baby Mild Powder 180gm","Baby Powder",120,180,,0,0
76,11804151013000,"Kodomo Baby Powder 400ml","Baby Powder",220,260,,142,142
77,8998103012308,"Cussons Baby Powder 350+150gm","Baby Powder",160,200,,3,3
78,1802113600000,"Johnson Baby Powder 100gm Pink/White","Baby Powder",60,80,,387,387
79,"8850007010241 8850007010104      ","Johnson Baby Powder 50gm","Baby Powder",36,45,,2372,2372
80,"8993417176227 8993417476266 8993417476235 8993417176234    ","B & B Kids Body Powder 150gm","Baby Powder",120,120,,278,278
81,9556006014547,"Johnson Baby Shampoo 100ml","Baby Shampoo",85,92,,141,141
82,"8993417390210 8993417390234 8993417390227     ","Eskulin Kid's Shampoo & Conditioner 200ml","Baby Shampoo",130,200,,109,109
83,"8850002012844 8850002906457 8850002012547 8850002011878    ","Kodomo Shampoo 100ml","Baby Shampoo",80,110,,126,126
84,11803089030000,"Johnson Baby Shampoo 500ml","Baby Shampoo",340,350,,0,0
85,5021464959029,"MARINA lOTION 200ML","Baby Shampoo",400,430,,128,128
86,1802114400000,"Johnson Baby Shampoo 50ml","Baby Shampoo",42,46,,22,22
87,8998183425005,"Kids Shampoo 500ml","Baby Shampoo",150,160,,16,16
88,"8998866105279 8998866106030      ","Kodomo Shampoo 200ml (IN)","Baby Shampoo",140,220,,3428,3428
89,1802114500000,"Mother Care Top/Bath/Sh 500ml UK","Baby Shampoo",430,460,,0,0
90,9556006000250,"Johnson Baby Shampoo 200ml","Baby Shampoo",140,170,,1147,1147
91,"4801010560500 4801010562108 4801010561309     ","Johnson Baby Soap 100gm","Baby Soap",42,50,,1591,1591
92,1802114800000,"Kodomo Baby Soap 75ml","Baby Soap",45,55,,496,496
93,"8850007020462 8850007020257      ","Johnson Baby Soap 75gm","Baby Soap",40,45,,42,42
94,8850007020271,"Johnson Baby Soap 150gm","Baby Soap",62,65,,0,0
95,8850006922729,"Colgate Baby Brush","Baby Toothbrush",30,40,,720,720
96,8998866102605,"Kodomo Brush+Paste 2 in 1","Baby Toothbrush",70,120,,1268,1268
97,11803068790000,"Baby Toothbrush 024","Baby Toothbrush",62,80,,79,79
98,11803068770000,"Baby Toothbrush A 09,A013,A08,A02","Baby Toothbrush",26.67,30,,3724,3724
99,8998866105354,"Kodomo Brush+Paste+Kids 3 in 1","Baby Toothbrush",100,150,,443,443
100,11803068800000,"Baby Toothbrush 9036","Baby Toothbrush",0,0,,0,0
101,1802114900000,"Kodomo Brush","Baby Toothbrush",25,40,,1768,1768
102,11803068780000,"Baby Toothbrush 8606","Baby Toothbrush",0,0,,0,0
103,11803229560000,"Baby Brush twin 024","Baby Toothbrush",0,0,,0,0
104,"8998103001586 8998103001579 8998103001593     ","Cussons Kids Toothpaste 45gm","Baby Toothpaste",50,60,,212,212
105,8853976005928,"Yoko Herbal Paste 40g","Baby Toothpaste",80,90,,24,24
106,11804151023000,"Colgate Baby Toothpaste 40ml ","Baby Toothpaste",55,80,,24,24
107,"8999999705985 8999999707743      ","Pepsodent Junior Paste 50gm","Baby Toothpaste",55,70,,9449,9449
108,1802115300000,"Kodomo Baby Paste 45gm Mix","Baby Toothpaste",50,60,,7784,7784
109,5029053563732,"HUGGIES BABY WIPES 72'S","Baby Wipes",140,160,,290,290
110,3574661265551,"Johnson Baby Wipes","Baby Wipes",120,140,,0,0
111,"5060120166746 5060120166685 5012251010634     ","XBC Facial Wips","Baby Wipes",150,220,,57,57
112,4015400622413,"PEMPERS BABY WIPS 56'S","Baby Wipes",140,160,,252,252
113,8852232202538,"Thai Cotton Wips","Baby Wipes",20,25,,444,444
114,8992772064286,"Soffel mosqoito spray 80g","Baygon Spray",200,220,,40,40
115,8850175066026,"Off! Spray 170gm","Baygon Spray",400,450,,160,160
116,11803078970000,"HIT AEROSOL 600 ML ","Baygon Spray",300,400,,252,252
117,8850273151303,"ART Rat Killer 80ml","Baygon Spray",85,120,,57,57
118,11802268420000,"Bellagio Body Spray 80ml	","Baygon Spray",160,200,,269,269
119,8853603501069,"Mosquito Racket","Baygon Spray",200,250,,145,145
120,6932511215069,"Disaar Gel 100g",Blam,120,200,,380,380
121,"6297000669243 6297000669267 6297000442617     ","Yardeley Lotion 200ml","Body Lotion",240,260,,3,3
122,8850722200668,"Cavier Sun Screen Lotion 150ml","Body Lotion",120,150,,6,6
123,"8850722040820 8850722043807 8850722040806     ","Eh Velvet Whitening Lotion 400g","Body Lotion",350,380,,209,209
124,8850722044811,"Civic Aloevera Whitening Lotion 200ml","Body Lotion",150,250,,459,459
125,8853434000021,"Is Me Lotion 190ml","Body Lotion",150,220,,187,187
126,"8850029024196 8850029022833      ","Nivea Lotion Extra White 600+600ml","Body Lotion",900,1250,,1124.5,1124.5
127,1802118600000,"Omo Lotion 500ml","Body Lotion",500,700,,202,202
128,8851929010654,"Is Me Lotion 500ml","Body Lotion",400,550,,317,317
129,"8851932143370 8851932283953      ","Vaseline Lotion Deep/ Healthy White 600ml Thai","Body Lotion",550,650,,147,147
130,1802118400000,"Collagen Lotion 200ml","Body Lotion",300,320,,0,0
131,1802116700000,"Vaseline Lotion 200ml","Body Lotion",170,220,,0,0
132,"8851427007941 8851427007934 8851427012822 8851427007958    ","Carebeau Goat Milk Lotion 600ml","Body Lotion",350,600,,137,137
133,3600541333789,"Garnier Body lotion 250ml","Body Lotion",400,450,,4,4
134,1802116500000,"Vaseline Lotion 400ml","Body Lotion",300,400,,0,0
135,"8859178707608 8859178707493      ","Mistin White Spa Lotion 200ml","Body Lotion",150,200,,0,0
136,8850722044323,"Aron Lemon Whitening Body Lotion 400ml","Body Lotion",300,480,,297,297
137,8850722043647,"Aron UV Lotion 250ml","Body Lotion",180,200,,93,93
138,"6946221235118 6946221235118      ","ICe Suminer Lotion Aloe/Cucomber/Honer 300ml","Body Lotion",150,180,,13,13
139,8850722044620,"Aron Snail Now Body Lotion 400ml","Body Lotion",300,400,,0,0
140,"4005808353200 4005808355877      ","Nivea Lotion UV Whitening 400ml","Body Lotion",350,450,,356,356
141,7980036045479,"Pannamas Rice/Goat MIlk Lotion 500ml","Body Lotion",400,600,,99,99
142,8850434078197,"Garnier Body Lotion 400ml","Body Lotion",400,450,,61,61
143,"6297000226767 6297000226750 6297000669274     ","Yardley Lotion 400ml","Body Lotion",440,440,,4,4
144,8857101125772,"YC UV Expert Whitening Lotion 250ml","Body Lotion",200,220,,10,10
145,"8858927505595 8858927505618      ","Pannamas Lighting Lotion 450ml","Body Lotion",400,800,,2383,2383
146,8851932143578,"Vaseline Hand & Nails Lotion 85ml","Body Lotion",200,240,,45,45
147,9789741075973,"Is Me Lotion 400ml","Body Lotion",400,480,,267,267
148,"795144060071 795144060163      ","Intimate Lotion 590ml","Body Lotion",300,350,,11,11
149,1802118500000,"Vampire Lotion 500ml","Body Lotion",500,850,,0,0
150,8850722043203,"Aron V-E Serum Lotion 400ml","Body Lotion",200,380,,192,192
151,"8851427007897 8851427007927      ","Carebeau White Spa Lotion 200ml","Body Lotion",130,200,,841,841
152,5037378006322,"Autumn & may Lotion 500ml Uk","Body Lotion",500,700,,1,1
153,11804151032000,"kojic papaya lotion ","Body Lotion",700,1000,,36,36
154,8858902500072,"Sipan Lotion 700ml","Body Lotion",500,600,,2,2
155,"8850722043708 8850722200514      ","Aron Gold Lotion UV50 300ml","Body Lotion",200,350,,461,461
156,8850722044101,"EH Green Apple Body Lotion 240ml","Body Lotion",250,400,,90,90
157,11804151030000,"Aron Snail White Body Lotion 800ml","Body Lotion",600,800,,74,74
158,8809396174058,"Cathy Doll Ready 2 White Lotion 150ml","Body Lotion",450,650,,0,0
159,"8855140006748 8855140006762      ","Plante Camu camu White Body Lotion 850ml","Body Lotion",600,850,,36,36
160,1802117900000,"Carebeau Goat MIlk Lotion 300ml","Body Lotion",200,350,,171,171
161,"8850233260236 8850233260069      ","Bhasaj Body Lotion 150ml","Body Lotion",100,220,,167,167
162,8850722044590,"Aron Gluta Milky Body Lotion 800ml","Body Lotion",600,850,,78,78
163,"8859178707516 8859178707615      ","Mistin White Spa Lotion 400ml","Body Lotion",280,310,,190,190
164,8851427004056,"Carebeau Massage Oil 1000ml","Body Massage Oil",550,700,,291,291
165,8851427003240,"Carebeau Massage Oil 450ml","Body Massage Oil",300,400,,1159,1159
166,6001159111351,"Bio oil 125ml","Body Massage Oil",700,720,,0,0
167,"6955702401386 ","Evangeline Body Mist 100ml","Body Mist",140,150,,97,97
168,"8998866605953 8998866605922 8998866605946     ","Fres & Natural Body Mist 100ml","Body Mist",100,250,,647,647
169,11802268300000,"Aini fresh Edt perfume 100ML	","Body Mist",160,350,,1,1
170,"8998103013565 8998103013558      ","Imperial Body Mist","Body Mist",120,180,,0,0
171,11803119180000,"Victoria Body Mist 100ml	","Body Mist",300,350,,189,189
172,"8993417372230 8993417312236 8993417372216 8993417312229 8993417312212 8993417312243 8993417312267 ","Baby Mist Cologne B/M/E 100ml","Body Mist",100,160,,2030,2030
173,"8992856891609 8992856891593 8992856891647     ","Izzi Body Mist 60ml","Body Mist",100,120,,166,166
174,"8992856890831 8992856891654 8992856890824 8992856890855    ","Izzi Body Mist 100ml","Body Mist",140,180,,955,955
175,11802258240000,"GLADE MATIC SPRAY  REFILL 162gm","Body Mist",220,280,,445,445
176,11803139210000,"Bellagio Homme Edt 50ml","Body Mist",250,359,,69,69
177,"3607343499262 3607343392945      ","Play Body Body Mist 100ml","Body Mist",160,220,,2,2
178,"8993417372131 8993417172113 8993417372117 8993417372124 8993417172120   ","Baby Mist Cologne B/M/E 60ml","Body Mist",80,120,,4333,4333
179,"8992832604179 8992832604162 8992832604148 8992832604155    ","Camellia Body mist 100ml","Body Mist",130,160,,14,14
180,1802111470000,"Evangeline Body Mist 60ml","Body Mist",200,350,,729,729
181,"667534419601 667536447671 667528031123 667537008642 667535677185 667535677185  ","Victoria Secret Body Mist 100ml","Body Mist",480,600,,14,14
182,"8854302810476 8854302810421 8854302810414 8854302810438    ","Giffine Body Salt","Body Salt",80,150,,25,25
183,8857101146074,"YC Spa Salt Pack 300ml","Body Salt",90,130,,794,794
184,"8856680001002 8856680001385 8856680004379 8856680000982 8856680001019   ","Legano Spa Salt 750ml","Body Salt",300,380,,2293,2293
185,"8851427002380 8851427002397 8851427002410     ","Carebeau Beauty Spa Salt Scrub Jhar 700ml","Body Salt",250,380,,498,498
186,8856680001446,"Legano Spa Salt 250ml","Body Salt",200,250,,46,46
187,"8853976005812 8853976004938 8853976004242     ","Yoko Body Butter Cream 200ml","Body Scrub",250,300,,23,23
188,1802119500000,"Lopa Body Wash","Body Scrub",60,100,,560,560
189,1400000002018,"Hand Lopa","Body Scrub",120,150,,0,0
190,"3360372115601 3360372058892      ","Armani Body Spray 150ml","Body Spray",1050,1250,,1,1
191,"8992902102017 8992902102024      ","Tabac BS 200ml","Body Spray",350,580,,241,241
192,6281056585466,"Prophecy Body Spray 125ml","Body Spray",150,150,,83,83
193,"8904256001441 4005900207999 8904256001410     ","Nivea  Deo Box 100ml","Body Spray",240,250,,1,1
194,8888202060327,"Enchantaur Body Spray 200ml","Body Spray",138,140,,2,2
195,"8992895300025 8992895300018 8992915600036     ","AXL Deo Body Spray 150ml","Body Spray",350,500,,18,18
196,8992895171106,"Pierre Cardin Body Spray 200ml","Body Spray",350,700,,139,139
197,"025929165708 025929166538      ","Bondage Body spray 150ml","Body Spray",200,200,,2,2
198,8992895141154,"Anais BS 150ml","Body Spray",650,850,,22,22
199,"8992832191136 8992832191150      ","Camellia Body Spray 100ml","Body Spray",120,140,,76,76
200,8992832130012,"Casablanca Body Spray 200ml","Body Spray",300,350,,4,4
201,"8992832191167 8992832191181 8992832603622 8992832191198 8992832191174   ","Bellagio Homme Cologne Spray 100ml","Body Spray",300,350,,196,196
202,"3614221642313 3614221641989 3614221642054 3614221642160 3614221642443 3614221642511  ","Play Boy Body Spray 150ml","Body Spray",190,200,,21,21
203,11802268430000,"Sports Perfume Body Spray 175ml	","Body Spray",180,300,,486,486
204,"5014697027948 5014697027962 5014697027924 5014697027900 8903105   ","Yeardly Body Spray 200ml","Body Spray",165,180,,2,2
205,11804019700000,"Denim Body Spray 200ml","Body Spray",0,0,,0,0
206,"9300830021871 9300830021857 9300830021901 9300830021840    ","Impuls Body Spray 75ml","Body Spray",120,140,,35,35
207,6281056585657,"Prophecy Body spray 150ml","Body Spray",220,250,,50,50
208,"737052530215 737052351704      ","Boss Body Spray 150ml","Body Spray",800,850,,0,0
209,5012874248582,"David Beckham Body Spray 150ml","Body Spray",250,260,,0,0
210,"8992902152005 8992902152012      ","Marlboro Body Spray 200ml","Body Spray",350,400,,206,206
211,"6291105540087 6291105540049 6291105540148     ","Hot Ice Body Spray 150ml","Body Spray",165,170,,715,715
212,4005808300228,"Nivea Men Body Spray 150ml","Body Spray",140,160,,75,75
213,"6281056598619 6281056598602      ","Prophecy Body Spray 100ml","Body Spray",120,120,,1808,1808
214,8992832603684,"Bellagio Deodorant Spray 175ml","Body Spray",350,500,,261,261
215,11803089060000,"Brut Body Spray 200ml","Body Spray",155,160,,0,0
216,"8901030598913 8901030598852 8901030598838 7791293033600 7791293033570   ","Rexona Body Body Spreay 150ml","Body Spray",140,160,,16,16
217,4015000519915,"Fa Body Spray 200ml","Body Spray",140,160,,17,17
218,"8992832603615 8992832603172 8992832603165     ","Regazza Spray Cologne 100ml","Body Spray",300,350,,319,319
219,"8717163332122 5000228023411      ","Dove Deo Spray 150ml","Body Spray",150,160,,1,1
220,"3607343816656 3607345401119 3607345380247 3614222813781    ","Adidas Body Spray 150ml","Body Spray",160,165,,29,29
221,"025929127256 025929122831 025929122732     ","Colour Me Women Body Spray 150ml","Body Spray",180,190,,0,0
222,6281056585459,"Prophecy Body Spray 250ml","Body Spray",320,350,,242,242
223,5060082258237,"Patisserie Shower Set 2x175","Body Wash",350,500,,1,1
224,"8850360026347 8850360029010      ","Dettole Body wash 500ml","Body Wash",400,450,,1,1
225,"8851427003851 8851427012693      ","Carebeau Goat Milk Shower Cream 300g","Body Wash",150,350,,202,202
226,"5028197542948 5028197578763 5028197449636     ","Body Shop Shawer Gel 250ml uk","Body Wash",430,450,,5,5
227,11803279630000,"Watson B.W 1000ml","Body Wash",550,550,,0,0
228,"8998103002729 8998103011707      ","Imperial Body Wash 400ml Refill","Body Wash",140,170,,19,19
229,1802111120000,"Patisserie Body Butter 175ml","Body Wash",250,300,,6,6
230,"8850169436019 8850169406012      ","Imperial Body Wash 400ml","Body Wash",240,260,,0,0
231,1802111100000,"Ginvera Body Scrub 750ml","Body Wash",650,680,,0,0
232,"3607340723346 3607340722127 3607340725982 3607343567893 3607340726682   ","Adidas Shower Gel 250ml","Body Wash",140,180,,13,13
233,8998824551261,"Hanasui Body Spa 250ml","Body Wash",200,250,,13,13
234,8851427007552,"Carebeau Goat milk Shawer Gel 600ml","Body Wash",350,500,,154,154
235,"8851932332385 8851932332262 8851932332347 8851932350655 8851932350648","Lux Body Wash 500ml","Body Wash",320,360,,76,76
236,8852086002810,"Lavender Body Wash 150ml","Body Wash",120,180,,7,7
237,11804121000000,"YOKO BATH TIME GIFT SET 880ml","Body Wash",0,0,,0,0
238,"9556171100649 9556171100656      ","Flow Me Body Wash 1000ml","Body Wash",580,600,,12,12
239,"035000269195 035000269201 035000269188     ","Irish Spring BW 443ml","Body Wash",450,480,,0,0
240,"8850169450213 8850169450466      ","Imperial Body Wash 200ml","Body Wash",140,160,,220,220
241,"8850169940318 8850169850792 8850169940301 8850169851355    ","Imperial Body Wash Ref 220ml","Body Wash",120,130,,68,68
242,5060082258329,"Patisserie Body wash 175ml","Body Wash",250,300,,5,5
243,"8712561593335 8712561630764 8712561641173 8712561609364    ","Dove Shower Gel 250ml","Body Wash",140,160,,16,16
244,5996175230982,"Palmolive BW 500ml","Body Wash",250,280,,36,36
245,"8712561625760 8712561615242 8712561645690 8712561727105 8712561607988   ","Dove Shower Gel 500ml","Body Wash",240,260,,28,28
246,9557887175105,"Goat Milk Massage Body Wash 1000ml","Body Wash",480,600,,1,1
247,8858927505564,"Pannamas Lighting Body Wash","Body Wash",400,500,,130,130
248,1802111200000,"Sliming Gel","Bust Cream",400,500,,31,31
249,8853252009909,"Bio Anne Bust Cream 60ml","Bust Cream",240,260,,1,1
250,"8858927505779 8858927505694 8858927505786 8858927505410 8858927505601   ","Panamas Bust Cream 100ml","Bust Cream",250,300,,614,614
251,8858927505212,"Pannamas Nipple Pink Cream 12g","Bust Cream",250,300,,126,126
252,1802111170000,"Sipan Bust Cream 100ml","Bust Cream",350,400,,0,0
253,11804151033000,"Confectionary Paper No: 3217 ""B""","Cake Decoration",150,200,,40,40
254,11804151031000,"Kojic Acid Papaya cream ","Cake Decoration",120,200,,480,480
255,1802111210000,"Cake Decoration","Cake Decoration",400,500,,0,0
256,11802268380000,"Nivea Cleansing Milk 200ml	","Cleansing Milk",250,300,,77,77
257,11803139220000,"Wet Tissue 80pcs ","Cleansing Milk",150,160,,90,90
258,8999999719746,"Ponds Cleansing Milk 150ml","Cleansing Milk",170,250,,294,294
259,8851748000102,"Cockroach powder 10G",Cockroach,58.33,80,,220,220
260,"6921199168897 2608262900052      ","Salon 5pcs Comb",Comb,280,340,,1,1
261,1802111280000,"Tresemme Brush Set",Comb,240,400,,17,17
262,11802288530000,"Thai Hair Brush Wood",Comb,150,250,,268,268
263,1802111260000,"Hair Academy Comb",Comb,200,250,,21,21
264,1802111240000,Comb,Comb,20,50,,270,270
265,1802111310000,"Comb (Lice)",Comb,116,250,,12,12
266,1802111290000,"Bohua Comb 31 Set",Comb,160,180,,0,0
267,1802111270000,"Comb Prc",Comb,13,15,,0,0
268,11802288520000,"Thai Hair Brush (Round)",Comb,200,300,,34,34
269,1802111300000,"Yuabo Comb",Comb,60,70,,508,508
270,8999999048334,"Sunsilk Conditioner 170 ml Bottle",Conditioner,170,190,,39,39
271,11804121008000,"Pantene Conditioner 480ml",Conditioner,390,450,,9,9
272,4902430624541,"Pantene Conditioner 3minute 70ml",Conditioner,80,80,,0,0
273,"8718114562575 8711600451650 8718114627922 8718114562506 8718114627007   ","Dove Conditioner 200ml",Conditioner,160,185,,38,38
274,1802111330000,"Sunsilk Conditioner 160ml",Conditioner,140,180,,0,0
275,"8851932350310 8851932350198      ","Tresemme Conditioner 480ml",Conditioner,360,400,,247,247
276,"4902430396608 4902430432344 4902430695732     ","Rejoice Conditioner 140ml",Conditioner,140,180,,9,9
277,11803279640000,"Loreal Conditioner 400ml",Conditioner,450,450,,0,0
278,4902430412049,"Head & Shoulders Conditioner 160ml",Conditioner,170,180,,96,96
279,1802111360000,"Body Shop Rain Force Conditioner 250ml UK",Conditioner,450,500,,0,0
280,1802111340000,"Pantene Conditioner 140ml",Conditioner,160,200,,740,740
281,"4902430452564 4902430452922 4902430452557     ","Rejoice Conditioner 320ml",Conditioner,300,350,,480,480
282,8851932351249,"Dove Conditioner 460ml",Conditioner,350,400,,1,1
283,"8851932354332 8851932355339      ","Sunsilk Conditioner 320ml",Conditioner,250,320,,90,90
284,11804151026000,"Lolane Herbal Conditioner 2700ml",Conditioner,1200,1600,,80,80
285,8850014421238,"Cherie Cotton Pleats 4.5m","Cotton Ball",120,160,,162,162
286,8850014481003,"Cotton Ball 40gm","Cotton Ball",29.17,40,,264,264
287,11804151015000,"Cherie Cotton Pad Round 80Pcs","Cotton Ball",75,120,,38,38
288,8850014453222,"Cherie Cotton Pad Non Press","Cotton Ball",100,120,,174,174
289,"5031413905434 5031413000023      ","Pritty Cotton Roll/Pad/Plate Uk","Cotton Ball",160,180,,32,32
290,8850014519393,"Cherie Baby Cotton Bud 1001 Can","Cotton Bud",35,50,,3623,3623
291,1802111430000,"3Diamond Cotton Bud Adult 2001","Cotton Bud",250,350,,187,187
292,8850014440017,"Cherie Baby 3IN1","Cotton Bud",120,150,,759,759
293,1802111500000,"Cherie Cotton Buds Normal soft 100","Cotton Bud",210,280,,328,328
294,1802111480000,"Cherie Mini Cotton Bud 200","Cotton Bud",350,580,,126,126
295,11803109140000,"Cotton Bud 200Pcs Plastic Love Box","Cotton Bud",30,80,,1788,1788
296,8850014411093,"Cherie Baby Cotton Bud 3001 Can","Cotton Bud",70,90,,1189,1189
297,11803109120000,"Cotton Bud 100Pcs Square Box","Cotton Bud",350,400,,48,48
298,1802111440000,"Cherie Mini Cotton Bud 100","Cotton Bud",210,300,,71,71
299,1802111420000,"Cotton Bud 3Diamond 1001","Cotton Bud",160,220,,405,405
300,11803149250000,"Moisture-Proof Cotton Swab Barrel 200pcs","Cotton Bud",50,60,,36,36
301,1802111530000,"Cherie Baby 3IN2 Set","Cotton Bud",120,160,,72,72
302,1802111510000,"Cherie Cotton Buds Normal soft 2001","Cotton Bud",350,580,,242,242
303,11803259580000,"Wood Cotton Bud 50Pcs ","Cotton Bud",300,320,,11,11
304,8850014513889,"Cherie Baby Cotton Bud 2001 Can","Cotton Bud",50,80,,3383,3383
305,11803159300000,"Wood Cotton Bud 100Pcs ","Cotton Bud",200,220,,1135.5,1135.5
306,11803109130000,"Cotton Bud 180Pcs Square Box","Cotton Bud",350,450,,85.5,85.5
307,50007820,"Astral Cream 50ml",Cream,120,130,,14,14
308,8999777801304,"Nivea Cream Blue 100ml Jhar",Cream,140,160,,22,22
309,1802112260000,"Ponds Flawless Cream 50ml Night",Cream,480,550,,0,0
310,8858927505533,"Pannamas AHA firming Gel 100g",Cream,250,500,,181,181
311,8853252009282,"DR. Jems Sliming Gel+Soap",Cream,300,450,,8,8
312,"4084500806450 4015400834663      ","Olay Gift Set",Cream,800,1400,,0,0
313,11804129840000,"YOKO WHITENING Q10 CREAM 4g",Cream,28,80,,144,144
314,11804161039000,"Cathy doll snail gold ",Cream,750,1200,,2,2
315,3600522086970,"Loreal Revitalift Cream 50 ml uk",Cream,700,750,,1,1
316,1802111750000,"COLLAGEN Cream+Soap Set",Cream,205,250,,0,0
317,8853976004419,"Yoko Milk Day/Night Cream 50ml",Cream,160,260,,209,209
318,8853252006656,"K.Brothers Sliming Gel 150ml",Cream,280,350,,3,3
319,"3600523183500 3600523183494      ","Loreal Wrinkle Cream 35+,45+,55+",Cream,650,750,,1,1
320,5000167189735,"Boots Hand Cream 100ml",Cream,200,250,,3,3
321,5410076780341,"Olay Anti Wrinkle Day/Night cream 50ml Uk",Cream,600,700,,0,0
322,5011321976320,"Olay Total Effects7 Cream 30gm UK",Cream,550,680,,0,0
323,4902430733830,"Olay White Radiance Cream 50G",Cream,950,1000,,16,16
324,8850722045016,"Bio Active Body Whitening Cream 100ml",Cream,220,300,,263,263
325,"3600521719541 3600521719596 3600521719640     ","Loreal Triple Active Day/Night Cream 50ml UK",Cream,650,780,,0,0
326,8850252004415,"Promina Cream",Cream,160,160,,599,599
327,8859010900051,"Almaya Whitening perl Cream 5g",Cream,140,180,,340,340
328,8853318000833,"Pop Cream 4gm",Cream,276,300,,0,0
329,8850722530819,"Bio Active Facial Whitening Cream 100ml",Cream,220,300,,130,130
330,"5000174789379 5410076780341      ","Olay Complete Day/Night Cream 50gm UK",Cream,600,650,,0,0
331,5028197295592,"Body Shop V-E Aqua Boost Cream",Cream,850,1000,,1,1
332,5028197200459,"Body Shop TT BB Cream 40ml UK",Cream,500,550,,0,0
333,5028197528959,"body shop Seaweed Cream 50ml UK",Cream,800,850,,0,0
334,8992304033872,"Garnier Cream Sakura Day 50g",Cream,350,400,,906,906
335,11803279610000,"Olay Natural Day/night",Cream,330,330,,0,0
336,8853976004310,"Yoko Cold Cream 50ml",Cream,160,250,,88,88
337,11805191063000,"Vin21 Facial Sunblock Cream 15ml",Cream,0,0,,0,0
338,8901030649912,"Fair & Lovely 80gm",Cream,140,145,,8,8
339,8850252030049,"Arche Pearl Cream 3ml",Cream,552,600,,1,1
340,1802111990000,"Fair & Lovely 50gm",Cream,95,110,,0,0
341,11804129910000,"YOKO REVIVAL SNAIL CREAM 50g",Cream,250,400,,160,160
342,1802111670000,"Lay Now Whitening Cream 6ml",Cream,170,300,,0,0
343,11803259590000,"Polla Gold Day Night Set",Cream,160,450,,65,65
344,11802258280000,"Nivea Men Cream 50ml",Cream,200,220,,5,5
345,5012345678900,"White Active Cream 20g",Cream,140,160,,0,0
346,11805191061000,"Vin21 anti acne Cream 10ml",Cream,0,0,,0,0
347,4936613097259,"Shichade' Cream 5ml",Cream,140,180,,29,29
348,1802112310000,"Collagen Vitamin E Soap 85g",Cream,60,70,,12,12
349,1802111970000,"YC Stretch Mark Cream 120ml",Cream,180,250,,1,1
350,11804129890000,"YOKO GENTLEMAN CREAM 4g",Cream,28,80,,128,128
351,8852525368002,"Isme Whitening Leg Therapy Cream",Cream,170,300,,1,1
352,1802112130000,"Loreal White Perfect Day Cream 50ml",Cream,500,550,,0,0
353,8858927505717,"Panamas Under Arm Cream 40ml",Cream,180,300,,81,81
354,1802112290000,"YC Breast Cream 120ml",Cream,250,250,,333,333
355,4005808685837,"Nivea Cream 500ml",Cream,500,500,,0,0
356,8858692210137,"OMO Face Serum 120ml",Cream,200,400,,30,30
357,11804129870000,"YOKO  (ALOE VERA EXTRACT) CREAM 4g",Cream,28,80,,120,120
358,11804161042000,"Cathy Doll  Ready 2 White Milky cream pack  100ml",Cream,450,650,,15,15
359,8853976000244,"Yoko Anti-Aging Cream 30g",Cream,160,280,,194,194
360,11805191057000,"Vin21 Age Solution Cream 15g",Cream,0,0,,0,0
361,4005900009715,"Nivea Soft Cream 100ml",Cream,160,170,,0,0
362,1802112270000,"Body Shop Aloe Day/Night Cream 50ml",Cream,800,900,,0,0
363,8853976004495,"Yoko Facial Fade Cream 50ml",Cream,180,280,,0,0
364,8997014402031,"Temalawak Face Cream 50ml",Cream,100,180,,298,298
365,"8857119430578 8857079430724 8858646500659 8857119430561    ","Polla Gold/Platinam/Masta cream 50ml",Cream,200,300,,183,183
366,11804129850000,"YOKO ACNE-MELASMA CREAM CO ENZYME Q-10 4g",Cream,28,80,,144,144
367,11804161040000,"Cathy doll snail pink 50ml",Cream,700,1000,,0,0
368,11803319680000,"Jhonsons Soft Cream 200ml",Cream,185,185,,0,0
369,5012251007047,"B.F Foot Cream 100ml",Cream,240,280,,9,9
370,4005900196033,"Nivea Men Cream 50gm",Cream,200,220,,0,0
371,8850007650645,"C & C Acne Gel",Cream,200,250,,127,127
372,8853976004983,"Yoko Q10 MIlk Cream 50ml",Cream,170,260,,112,112
373,"4037900225666 4037900225642 4037900225673 4037900225659    ","Loreal Age Perfect Nourishing Oil Cream 50ml",Cream,850,900,,10,10
374,11804129830000,"YOKO ACNE-MELASMA CREAM 4g",Cream,28,80,,132,132
375,11804161038000,"Cathy doll snail bright 50ml",Cream,700,1000,,0,0
376,1802112250000,"Garnier Cream Sakura Night 50g",Cream,400,500,,0,0
377,1802112070000,"Body Shop V-E Day Cream 100ml",Cream,980,1050,,1,1
378,8851427005589,"Carebeau Massage Cream 450ml",Cream,280,400,,124,124
379,8850722043616,"Vitamin E Aron Cream 200ml",Cream,160,220,,18,18
380,8853252007738,"K.Brothers Lift Up Cream 80ml",Cream,400,500,,0,0
381,"8851427001390 8851427001406 8851427004018     ","Carebeau V-E Cream 500ml",Cream,300,350,,103,103
382,8858790801886,"Roselyn Stretch Mark Cream 120g",Cream,300,380,,62,62
383,1802112050000,"Yoko Yogurt Milk Cream 50ml",Cream,160,260,,0,0
384,11803139230000,"Catydoll  cc Cream 50ml",Cream,300,500,,8,8
385,98853318000546,"Pop Cream 20gm",Cream,73,90,,946,946
386,5045092618615,"Boots Cucumber Cream 100gm UK",Cream,200,220,,1,1
387,8850722200941,"Bio Active Sun Protection Cream 75ml",Cream,220,300,,847,847
388,"8992304017827 3600522279105      ","Loreal Revitalift Day/Night Cream 50ml",Cream,850,880,,10,10
389,11804161034000,"Polla Anti Malasma Cream 8Gm",Cream,200,300,,288,288
390,5019091500691,"Revitale Eye Gel",Cream,180,220,,3,3
391,1802112030000,"Loreal UV Cream 50ml",Cream,600,700,,8,8
392,8853976005751,"Yoko Sakura Cream",Cream,350,380,,58,58
393,11803279620000,"V 7 To Night Cream  50ml",Cream,400,400,,0,0
394,8857101158343,"Yc Aloevera & Herbal Cream",Cream,40,80,,707,707
395,"8850002123410 8859123456759      ","Kim Cream 20ml",Cream,1440,1680,,11.9,11.9
396,4005808890507,"Nivea Soft Cream 200ml",Cream,268,270,,7,7
397,11802288630000,"Isme Acne Spot Cream",Cream,160,250,,119,119
398,8853976004471,"Yoko Under Arm Cream 40ml",Cream,160,260,,257,257
399,1802112010000,"Fair & Lovely 100gm",Cream,320,350,,3,3
400,8853976006208,"Yoko  Argan Oil hair&Skin Care Set",Cream,700,1200,,52,52
401,11803259600000,"Polla Platinum Cream Niight 10g",Cream,155,300,,217,217
402,8858842011676,"Cathy Doll Sunscreen 50g",Cream,220,350,,0,0
403,8853318000642,"Pop Cream Popular 4gm",Cream,200,280,,69,69
404,8853976004655,"Yoko Acne Cream",Cream,130,180,,452,452
405,8855322000373,"YC Acne Cream 4g",Cream,35,50,,1,1
406,11804129900000,"YOKO GOAT MILK WHITENING CREAM 4g",Cream,28,80,,96,96
407,8852522027094,"Isme Whitening Nipple Cream 30ml",Cream,260,300,,17,17
408,8851932082983,"Ponds Lemon Cold Cream 60ml",Cream,200,250,,37,37
409,11803159320000,"Garnier Men cream 20g",Cream,150,200,,99,99
410,8858927505724,"Panamas Hot Gold Cream 320ml",Cream,300,500,,111,111
411,8992821100415,"Acnes sealing gel 9 ml",Cream,160,200,,12,12
412,11803089000000,"Fade Out Cream 50ml",Cream,460,480,,1,1
413,8992304050091,"Loreal Men Expart Cream 50ml",Cream,580,600,,1,1
414,11804129880000,"YOKO  (PAPAYA EXTRACT)  CREAM 4g",Cream,28,80,,120,120
415,11804161043000,"Cathy Doll Magic cream 60gm",Cream,220,500,,13,13
416,8853976005737,"Yoko Argan Oil Cream 50ml",Cream,350,500,,102,102
417,8852522143725,"Isme Eye Gel 10ml",Cream,200,260,,18,18
418,11805191058000,"Vin21 Acne Prone Skin Cream 15ml",Cream,0,0,,0,0
419,1802111790000,"Nivea Soft Cream 50ml",Cream,100,110,,1,1
420,8852522040970,"ISME MALASMA CREAM 10ml",Cream,200,280,,65,65
421,8853976004631,"Yoko Pomegranate Cream 30gm",Cream,180,280,,57,57
422,8859128304512,"Tomato Cream Day/Nigh 30g",Cream,300,500,,665,665
423,"8850722200095 8850722200705      ","EH Moisture UV 50+ Cream 30ml",Cream,100,150,,317,317
424,11804129860000,"YOKO  (GINSENG & PEARL) 4g",Cream,28,80,,144,144
425,11804161041000,"Egg skin cream 50ml",Cream,400,700,,0,0
426,1802112480000,"Floss Toothpicks (c)","Dental Floss",30,40,,0,0
427,1802112460000,"SKE Dental Floss","Dental Floss",40,60,,0,0
428,1802112490000,"Bamboo Toothpick Jar","Dental Floss",24,30,,4,4
429,8855555555558,"Bamboo Toothpick 1001 pak","Dental Floss",30,40,,80,80
430,1802112450000,"Watson Dental Floss 501","Dental Floss",70,80,,1,1
431,11804119800000,"Yeardly Roll ON 50ml","Deo Roll On",114,120,,27,27
432,1802112500000,"Imperial Roll On 40ml","Deo Roll On",90,115,,0,0
433,"3607343871273 3607343871174 3607343871228     ","Adidas Rollon 50ml","Deo Roll On",120,150,,94,94
434,"8850722111346 8850722111131 8850722111346 8850722111162 8850722111810 8850722111346 8850722111148 ","Gozzi Roll On 60ml","Deo Roll On",60,90,,425,425
435,"8992222060349 8992222060110 8992222060134     ","Pixy Stick Roll On 34ml","Deo Roll On",80,90,,10,10
436,11803089080000,"Denim Roll on 50ml","Deo Roll On",150,150,,0,0
437,"8992222054010 8992222051262 8992222054041     ","Gatsby Roll on 50ml","Deo Roll On",120,150,,162,162
438,"4800888150066 4800888150042 4800888183132     ","Dove Roll on 50ml","Deo Roll On",100,130,,425,425
439,11803068930000,"Fa Roll on 50ml","Deo Roll On",75,75,,0,0
440,11804059730000,"Nivea Roll on 50ml","Deo Roll On",100,110,,1431,1431
441,"4800888143389 4800888158499 4800888153876 4800888192486 4800888142894 4800888142887 4800888143402 ","Rexona Roll On 50ml","Deo Roll On",90,100,,0,0
442,017000251738,"Right Guart Stick 51g","Deo Stick",160,220,,24,24
443,"022200940207 022200940214      ","Speed Deo Sticks 51g","Deo Stick",140,180,,139,139
444,850241000716,"Power Stick 57g Men","Deo Stick",160,220,,60,60
445,11803149260000,"Secret Deo Stick 48g	","Deo Stick",180,220,,9,9
446,"012044038888 012044039540 012044000236     ","Old Spice Sticks 85g","Deo Stick",250,290,,0,0
447,017000068374,"Right Guard 85g Gel","Deo Stick",160,250,,1,1
448,"8857200098489 8857200098427      ","Taoyeablok Deodorant Powder 22g","Deo Stick",100,120,,41,41
449,11803058660000,"Degree Deo Stick 45g","Deo Stick",0,0,,0,0
450,079400251602,"Degree Stick 45g","Deo Stick",160,220,,71,71
451,"30056671 50287062 50285662 96030257    ","Dove Stick 40ml","Deo Stick",130,160,,1158,1158
452,"54024502 96009628 96086223 50075188    ","Rexona Deo Sticks 40ml","Deo Stick",130,155,,554,554
453,"017000068084 017000068121      ","Right Guart Stick 73g","Deo Stick",160,250,,24,24
454,"037000124306 037000123408      ","Secret Deo Stick 73g","Deo Stick",180,250,,30,30
455,079400116765,"Degree Stick 48g","Deo Stick",160,250,,0,0
456,"012044343104 012044342404 012044342503     ","Old Spice Sticks 63g","Deo Stick",160,180,,5,5
457,827755070023,"Brut Stick 63g","Deo Stick",160,240,,118,118
458,"42240211 42217565      ","Nivea Deo Stick 40ml","Deo Stick",180,200,,53,53
459,079400403582,"Suave Sticks 39g","Deo Stick",160,220,,9,9
460,"031655530079 031655671222      ","ADIDAS STICK","Deo Stick",100,200,,235,235
461,850241000419,"Power Stick Women 57gm","Deo Stick",160,220,,1,1
462,"022200963435 022200963442 022200962902     ","Lady Speed Deo Stick 39.6ml","Deo Stick",140,180,,0,0
463,"047400097742 047400650237 047400307308 047400097872    ","Gillette Sticks 107gm Gel","Deo Stick",300,350,,576,576
464,"883484310052 883484717936 883484717943     ","Sure Stick 73g/76g","Deo Stick",160,250,,187,187
465,1802112730000,"Mamy Poko Pants XXXL24x3 Girls",Diapers,1500,1800,,0,0
466,1802112710000,"Mamy Poko Pants XXL38x3 Girls",Diapers,1550,1800,,0,0
467,1802112690000,"Mamy Poko Pants XL46sx3 Boys",Diapers,1550,1800,,0,0
468,1802112670000,"Mamy Poko Pants L52sx3 Boys",Diapers,1550,1800,,0,0
469,1802112650000,"Mamy Poko Diapers L62x3",Diapers,1400,1800,,0,0
470,1802112630000,"Mamy Poko Diapers S80X3",Diapers,1400,1800,,0,0
471,1802112610000,"Mammy Poko Jambo 41",Diapers,1500,1800,,0,0
472,1802112720000,"Mamy Poko Pants XXXL24x3 Boys",Diapers,1500,1800,,0,0
473,1802112700000,"Mamy Poko Pants XXL38x3 Boys",Diapers,1550,1800,,0,0
474,1802112680000,"Mamy Poko Pants L52sx3 Girls",Diapers,1550,1800,,0,0
475,1802112660000,"Mamy Poko Diapers XL50x3",Diapers,1400,1800,,0,0
476,1802112640000,"Mamy Poko Diapers M72x3",Diapers,1400,1800,,0,0
477,1802112620000,"Mammy superpant 31",Diapers,1500,1800,,0,0
478,1802112600000,"Happy Pant D&N 31",Diapers,1500,1800,,0,0
479,1802111620000,"Mamy Poko Pants XL46x3 Girls",Diapers,1550,1800,,3,3
480,11804119820000,"Pro Power Detergent 3500gm","Dish Wash",625,700,,132,132
481,"8850969367018 8850969369760 8850969369777     ","Liquid Dish Wash 800ml","Dish Wash",120,150,,390,390
482,11804121003000,"JAL Detergent 1000ml","Dish Wash",170,250,,1,1
483,"8858842029480 8858842042823      ","Eye Musk","Eye Gel",350,350,,85,85
484,8853976005867,"Yoko Argan Oil Eye Cream 15g","Eye Gel",210,280,,0,0
485,"8858842030110 8858842051573      ","Eye Roll on","Eye Gel",260,350,,84,84
486,"8853976004402 8853976000299      ","Yoko Eye Gel 20gm","Eye Gel",220,250,,291,291
487,11805191062000,"Vin21 Renewal Eye Serum 7ml","Eye Gel",0,0,,0,0
488,8855322000472,"Yc Eye Lightning Cream","Eye Gel",180,220,,332,332
489,1802111610000,"Angelina Eye Brow",Eyebrow,50,80,,0,0
490,1802112910000,"Acmonica Eye Brow",Eyeliner,50,80,,591,591
491,8850722131795,"Aron Eye Brow",Eyeliner,50,80,,0,0
492,8850434020158,"Maybelline Hypercurl Mascara 9.2ml",Eyeliner,300,380,,4,4
493,8850722180328,"Aron Eyeliner",Eyeliner,90,120,,385,385
494,"6922221777551 6973089540160      ","Huda Beauty Mascara",Eyeliner,60,80,,748,748
495,8851369112017,"Sasimi 99% Eyeliner Pancil",Eyeliner,90,120,,197,197
496,8901030595783,"Lakme Kajal",Eyeliner,16,17,,0,0
497,8858518001604,"Mei Linda Dip Eyeliner 5ml",Eyeliner,90,120,,1,1
498,11802288580000,"Maybelline Eyeliner Thai",Eyeliner,0,0,,0,0
499,1802112920000,"Drowing Eye Brow",Eyeliner,50,80,,0,0
500,1802112890000,"Butterfly Eye Brow",Eyeliner,50,80,,0,0
501,8850434097013,"Maybelline Eye liner",Eyeliner,300,380,,101,101
502,6903072295135,"Kiss Beauty Gel Eyeliner",Eyeliner,160,180,,1,1
503,6931904260129,"Magic Girl Waterproof Eyeliner",Eyeliner,80,100,,939,939
504,6923589178523,"Huda Beauty Eyeliner",Eyeliner,60,80,,1857,1857
505,1802112790000,"Eyebrow pencil",Eyeliner,50,80,,0,0
506,11802258270000,"Kidely Eyelash",Eyeliner,92,95,,2418,2418
507,8858854550057,"Birthday Eyelash Gum",Eyeliner,350,480,,370,370
508,11802288570000,"Maybelline Volum Express Mascara",Eyeliner,0,0,,0,0
509,11803199470000,"Magic Girls Eye Shadow",Eyeshadow,60,80,,33,33
510,1802112940000,"Revulation Salvation Plate",Eyeshadow,400,450,,1,1
511,11803199480000,"Kiss Beauty Eyeshadow",Eyeshadow,200,300,,2,2
512,1802112950000,"Revulation Flawless 2 Eye Shawdow",Eyeshadow,700,750,,1,1
513,8850722080277,"Aron Eyeshadow Platte 12 Colour",Eyeshadow,300,400,,0,0
514,8859178707004,"Misten Papy F.W 100ml","Face Wash",130,160,,1,1
515,8999999058722,"Ponds FW Women 50ml","Face Wash",100,120,,285,285
516,"8999999001988 8999999034030      ","Vaseline Men FW 100ml","Face Wash",200,250,,806,806
517,8992304047152,"Garnier Sakura FW 100ml","Face Wash",170,220,,1028,1028
518,1802113040000,"Oxy FW 50ml Deep Wash","Face Wash",100,140,,0,0
519,"8992727003537 8992727005159 8992727005111     ","Biore Men FW 100ml","Face Wash",200,260,,414,414
520,070501017104,"Neutrogena Acne Wash 177ml","Face Wash",600,650,,0,0
521,11804151020000,"Bio Active Goat  Milk  Face Wash 100ml","Face Wash",100,150,,12,12
522,11802278510000,"Fair & Lovely Women F.W 50ml	","Face Wash",70,90,,283,283
523,5028197199920,"Body Shop Vitamin-E F.W 125ml Uk","Face Wash",800,850,,0,0
524,11805141052000,"Neutrogena Scrub 150ml uk","Face Wash",0,0,,0,0
525,8991111112350,"C & C FW Tube 100ml","Face Wash",160,200,,1966,1966
526,"8992304009204 8992304024740 8992304009167     ","Garnier Men FW 100ml","Face Wash",172.86,220,,2873,2873
527,1802113340000,"Biore Women Facewash 100ml","Face Wash",200,250,,278,278
528,1802113170000,"Acness FW 50ml","Face Wash",100,140,,92,92
529,"8850722093017 8850722092928      ","Aron milky Charcoal facewash 190ml","Face Wash",160,250,,1530,1530
530,11802268320000,"Loreal Revitalize MILKY Foam 100ml","Face Wash",350,380,,0,0
531,8850722093079,"Aron Water Melon F.W 190ml","Face Wash",160,250,,529,529
532,8850722092713,"Civic Banana F.W 150ml","Face Wash",140,250,,76,76
533,11804121010000,"Isme Curcuma Whitening  Foam 100ml","Face Wash",180,250,,250,250
534,11802278470000,"Nivea Facewash Sparking 100ml ","Face Wash",160,230,,140,140
535,1802113150000,"Gatsby FW 50ml","Face Wash",100,110,,47,47
536,"8850722291659 8850722291666      ","Aron Gluta Face& Body Scrub 150ml","Face Wash",200,250,,148,148
537,3574660407853,"C & C Facewash 150ml UK","Face Wash",350,380,,4,4
538,8850722091945,"Rice Milk F.W 100ml","Face Wash",110,180,,621,621
539,1802113130000,"Johnson Face Wash 150ml UK","Face Wash",320,350,,0,0
540,"8850722092003 8850722092027      ","Ponds Men F.W 100ml","Face Wash",160,200,,0,0
541,8857101125420,"YC Whitenning FW 100ml","Face Wash",107,108,,0,0
542,3574660668322,"Johnson Baby Shampoo 750ml","Face Wash",350,400,,4,4
543,8851932172264,"Ponds Flawless FW 100ml","Face Wash",260,280,,102,102
544,11803229570000,"C & C F.W Bottle 50ml","Face Wash",60,90,,48,48
545,070501811030,"Neutrogena Cleanser Fome 100ml","Face Wash",280,350,,42,42
546,"077043112427 077043104729      ","Stives Scrub Jar 283ml","Face Wash",310,350,,7,7
547,8859178707011,"Misten Acne Clear F.W 100ml","Face Wash",140,180,,1,1
548,8850722090320,"Cucumber FW 190ml","Face Wash",100,120,,128,128
549,8850722092775,"Cavier Rose Gold Foam 150ml","Face Wash",150,250,,115,115
550,"5011417563694 5011417546185 5011417563717     ","Clearasil FW 150ml Pump UK","Face Wash",380,400,,35,35
551,8851427013928,"Carebeau Goat MIlk F.W 100ML","Face Wash",130,250,,1098,1098
552,11802268390000,"Nivea Men FW 100ml","Face Wash",150,180,,309,309
553,070501060902,"Neutrogena Deep Clean FW 250ml","Face Wash",600,650,,0,0
554,8851929016441,"ISME alovera Cooling Gel 100ml","Face Wash",180,250,,25,25
555,"8999777005405 8999777006365      ","Nivea Men FW Pump 120ml","Face Wash",280,320,,265,265
556,8850722092744,"Bm.B Whitening Facial Foam 120ml","Face Wash",280,350,,108,108
557,1802113050000,"Acness FW 100ml","Face Wash",180,240,,30,30
558,"8992304034534 8992304025556      ","Loreal Men FW 100ml","Face Wash",228,250,,147,147
559,8712561467636,"Simple Facewash 200ml pump","Face Wash",400,450,,4,4
560,6955818256320,"Loreal Men FW Pump 150ml","Face Wash",400,450,,0,0
561,8992821100866,"Oxy FW 100ml Deep Wash","Face Wash",180,240,,43,43
562,"8999999717025 8999999053062 8999999053048 8999999053055 8999999040451   ","Ponds FW Women's 100ml","Face Wash",160,180,,1397,1397
563,070501017128,"Neutrogena Acne Wash 269ml","Face Wash",700,800,,31,31
564,11804151019000,"Bio Active Cow Milk  Face Wash 100ML","Face Wash",100,150,,5863,5863
565,8850722091990,"Aron Whitening Oil Control Facial Fome 210ml","Face Wash",150,220,,212,212
566,11805141051000,"Simple Facewash F.W 100ml","Face Wash",0,0,,0,0
567,8992304082078,"Loreal FW White Perfect 100ml","Face Wash",290,320,,9,9
568,"8992304042522 8992304042539 8992304042546 8991380700029 8992304019524 8992304019562 8991380700609 ","Garnier FW Women's 100ml","Face Wash",170,220,,1262,1262
569,8888202055927,"Eversoft Cleansing Serum 150ml","Face Wash",250,260,,4,4
570,11804121011000,"Isme Mangosteen Facial Scrub 100ml","Face Wash",200,260,,306,306
571,5011417546284,"Clearasil Facewash Tube uk","Face Wash",370,400,,0,0
572,"8888202004406 8888202033253      ","Eversoft Facewash 195ml","Face Wash",270,290,,1,1
573,11802268310000,"Gatsby Facewash 100ml	","Face Wash",150,220,,211,211
574,8850722092935,"Civic Red Milk F.W 180ml","Face Wash",110,180,,148,148
575,8850722092720,"Civic Apple Red facewash 150ml","Face Wash",140,250,,119,119
576,11804121009000,"Isme Acne Oil Control Cleansing Foam 50ml","Face Wash",160,220,,21,21
577,11802278460000,"Fair & Lovely Women F.W 100ml","Face Wash",140,160,,862,862
578,5028197549893,"Body Shop Tea Tree Facial Scrub 100ml UK","Face Wash",540,600,,4,4
579,"5012251011327 5012251009621      ","Beauty Formula Nose Strips","Face Wash",110,150,,198,198
580,8851932199179,"Ponds Age Miracle FW 100ml","Face Wash",260,280,,0,0
581,5028197549855,"Body shop Mineral Mask 100ml","Face Wash",780,850,,0,0
582,1802113120000,"Boots Facial Wash 150ml UK","Face Wash",250,250,,0,0
583,1802113430000,"Huda Beauty Lip stick ","Face Wash",900,900,,2855,2855
584,"9556006283127 9556006283110      ","C & C FW Facial Foam 100ml Bottle","Face Wash",150,170,,1227,1227
585,8991182082453,"Temulawak Face Wash 100ml","Face Wash",120,180,,0,0
586,8857101110877,"YC Whitenning Facial Scrub 175ml","Face Wash",115,130,,0,0
587,8850722092898,"Caviar Aloe Plus Gluta Facial Foam 150ml","Face Wash",160,250,,75,75
588,"077043358023 077043355862      ","Stives Scrub F.W 170ml","Face Wash",260,260,,61,61
589,8850722092751,"Aron Aloe Face wash 150ml","Face Wash",150,280,,1249,1249
590,8850722092355,"Snail White Facial Foam 180ml","Face Wash",160,280,,133,133
591,8850722092164,"Civic Papaya Facewash 180ml","Face Wash",150,220,,186,186
592,"5410076481682 5011321252639      ","Olay F/W 150ml UK","Face Wash",300,350,,24,24
593,11803199510000,"Mkeup Brush Set 5pcs","Faceial Sponge",100,150,,425,425
594,11803199490000,"Tech Makeup Brush","Faceial Sponge",200,250,,0,0
595,1802113460000,Puff,"Faceial Sponge",250,300,,0,0
596,1802113440000,"Touch Me Puff","Faceial Sponge",350,400,,1587,1587
597,11803149270000,"Beauty Blander ","Faceial Sponge",40,50,,24,24
598,1802113470000,"Makeup Brush set","Faceial Sponge",200,250,,4,4
599,300,"Lucky Sponge Puff","Faceial Sponge",276,300,,1219.8,1219.8
600,6291106050271,"Huda Beauty Face Powder 5027",Facepowder,220,220,,1,1
601,11805191056000,"Aloe Vera Face powder",Facepowder,100,200,,0,0
602,1802113520000,"Maybelline Face Powder Thai",Facepowder,300,380,,75,75
603,8850722038988,"CC Powder & Blush",Facepowder,120,150,,1,1
604,8850722039121,"Aron Oil Control Face Powder 14g",Facepowder,90,150,,1187,1187
605,8850722034782,"Civic Oil Control Whitening Face Powder",Facepowder,90,150,,198,198
606,11802288560000,"Maybelline Face Powder (9g)",Facepowder,0,0,,0,0
607,8850722038872,"Hello Flawless Foundation Powder",Facepowder,50,80,,320,320
608,1802113510000,"Civica Face Powder",Facepowder,90,150,,0,0
609,"041065516020 041065516068 041065516051 041065516013    ","Jordana Face-powder",Facepowder,270,290,,24,24
610,1802113490000,"Vlue Vatiny POwder 11g",Facepowder,56.5,62,,1674,1674
611,8850722039077,"Civic Snail White Face powder",Facepowder,90,150,,232,232
612,1802113560000,"Civic Royal No1 Face Power",Facepowder,100,180,,224,224
613,839977005356,"Clearasil Facewash 192ml Usa",Facewash,480,500,,0,0
614,8809248459487,"Pomegranate Soothing Gel 400g","Facial Gel",250,250,,407,407
615,"8859128303829 8859128302372 8859128302334 8859128302310 8859128302945 8859128302358  ","3D Face Mask","Facial Gel",350,500,,300,300
616,8858842053454,"Tomato Sooting Gel","Facial Gel",320,600,,12,12
617,"8858842025048 8858842010044      ","Cathy Doll CC Body Cream 128ml","Facial Toner",380,500,,30,30
618,5028197520151,"Body shop Seaweed/Toner/Aloe/Clenser 250ml","Facial Toner",680,750,,0,0
619,8991111111995,"C & C Toner 100ml","Facial Toner",130,150,,30,30
620,8999999720094,"Ponds Toner 150ml","Facial Toner",170,250,,385,385
621,5000158100664,"Clearasil Toner 150ml","Facial Toner",350,380,,0,0
622,8850233120080,"Spring Song Skin Lotion 115gm","Facial Toner",70,80,,464,464
623,8999777006693,"Nivea Toner 200ml","Facial Toner",250,280,,710,710
624,11803119190000,"99% Sooting Gel 250ml","Facial Toner",135,150,,1,1
625,11805191060000,"Vin21 Anti  Acne Lotion 15ml","Facial Toner",0,0,,0,0
626,11803068910000,"Ovale Toner 200ml","Facial Toner",150,200,,105,105
627,11803058700000,"Thai Feeder Big","Fider Brush",0,0,,0,0
628,8851322000474,"Fider Brush","Fider Brush",120,150,,48,48
629,1802113680000,"Thi Baby Feeder Bottle 4Oz","Fider Brush",60,90,,120,120
630,8850002017009,"Kodomo Fiter Wash 750ml","Fiter Wash",270,320,,35,35
631,1802113700000,"Thai Nipple","Fiter Wash",20,25,,120,120
632,11803058690000,"Tahi Feeder Small","Fiter Wash",0,0,,0,0
633,1802113710000,"Thai Baby Feeder Bottle 8Oz","Fiter Wash",80,100,,120,120
634,1802113740000,"Birthday Foot Sponge","Foot Scrub",550,750,,194,194
635,1802113720000,"Foot Scrub","Foot Scrub",25,40,,1,1
636,8718158005052,"Elegance Foot Scrub","Foot Scrub",80,120,,6,6
637,5012251008105,"Beauty Formula Foot Powder 100g","Foot Scrub",250,280,,1,1
638,1802113760000,"3Dee Glass Cleaner 300ml","Glass Cleaner",80,100,,0,0
639,11803199520000,"Hair Elastic Ban","Hair Clip",140,150,,10,10
640,1802113770000,"Thai Hair Clip","Hair Clip",200,200,,46,46
641,"8851427001239 8851427001079      ","Carabeau Hair Color","Hair Color",350,380,,0,0
642,8858838100056,"Bigen Color POwder 6ml","Hair Color",100,120,,17,17
643,1802113800000,"Ocean Hair Colour Shamopp 30ml","Hair Color",25,50,,0,0
644,1802113780000,"Salon Kit","Hair Color",40,60,,83,83
645,"6942644317585 6942644317615      ","Subaru Black Hair Colour120ml","Hair Color",120,140,,40,40
646,1802113810000,"Avon Hair Color","Hair Color",450,500,,1,1
647,8850460990616,"Lolane Pixxel Color 50ml","Hair Color",120,200,,1,1
648,8853318001373,"Pop Gel 50ml","Hair Cream",240,350,,47.34,47.34
649,1802113840000,"Gatsby Hair Cream 125gm","Hair Cream",100,120,,380,380
650,11802268340000,"Gatsby Water Gloss Hard/Soft 300ml	","Hair Cream",140,140,,20,20
651,11802278490000,"Gatsby Water Gloss Hard/Soft 75ml	","Hair Cream",67,80,,6,6
652,"6924832248406 6924832248352      ","Men Hair Wax 150g","Hair Cream",120,125,,0,0
653,11802258260000,"Gatsby Hair Wax 75ml","Hair Cream",110,150,,712,712
654,"8992222053013 8992222050104      ","Gatsby Water Gloss Hard/Soft 150ml","Hair Cream",100,120,,430,430
655,8992222050401,"Gatsby Water Gloss Hard/Soft 30ml","Hair Cream",32,40,,5353,5353
656,8999999720940,"Clear Hair Cream Anti Dandruff 100gm","Hair Cream",110,180,,48,48
657,1802113830000,"Gatsby Hair Cream 70ml","Hair Cream",65,70,,1708,1708
658,11802268350000,"Gatsby Hair Cream 250gm	","Hair Cream",160,160,,352,352
659,11805121049000,"Loreal Studio Wax 150ml","Hair Cream",110,140,,89,89
660,11802268440000,"Flow Me Hair Cream 120ml	","Hair Cream",220,250,,27,27
661,"8901088062497 8901088062480      ","Set Wet Hair Gel 100ml","Hair Cream",60,60,,1,1
662,"8850407015723 8850407015730      ","Punk Hair Gel 250ml","Hair Cream",200,250,,1,1
663,1802113880000,"Loreal Hair Wax 150ml","Hair Cream",85,100,,658,658
664,8852053015010,"Carring Hair Muse 220ml","Hair Muse",260,280,,53,53
665,8999338169997,"Barber Hair Muse 180ml","Hair Muse",180,180,,28,28
666,8850460999701,"Lolane Hair Muse 220ml","Hair Muse",270,310,,4,4
667,"5010724526392 5010724529669      ","Nair Body Wax Stips Body & leg","Hair Removal Cream",110,180,,25,25
668,8850460990654,"Lolane Daily Hair Serum 50ml","Hair Serum",170,200,,158,158
669,8853976005874,"Yoko Argan Oil Leav on Serum 100ml","Hair Serum",250,350,,254,254
670,8851427003295,"Carebue Anti Hair Loss Serum 50ml","Hair Serum",300,350,,406,406
671,"8851427009884 8851427009907 8851427009891     ","Carebeau Enjoy Hair Protein Serum","Hair Serum",250,350,,37,37
672,"8853827002779 8853827001383 8853827002786 8853827000683    ","Spa Hair Lotion 150ml","Hair Spa",120,160,,143,143
673,8852053016635,"Carring Magix Hair Spa 500ml","Hair Spa",620,700,,1004,1004
674,8850460999879,"Lolane Gold Spray 350ml","Hair Spray",280,290,,351,351
675,"8850460999886 8850460998698      ","Lolane Hair Style Gel Spray 215ml","Hair Spray",190,210,,899,899
676,11802268410000,"Gatsby Hair Spray 166g","Hair Spray",220,220,,1,1
677,"8850460988408 8850460988392      ","Lolane Serum Leave On Spray 120ml","Hair Spray",250,260,,48,48
678,"8852053014044 8852053014013      ","Carring Hair Gel Spray 220ml","Hair Spray",180,200,,345,345
679,8850512902024,"Preven Speciali Hair Tonic 90ml","Hair Tonic",200,400,,25,25
680,"8852053104042 8852053104035      ","Modern Hair Tonic 90ml","Hair Tonic",300,400,,77,77
681,11804121006000,"ST LUKE HAIR Tonic 80g","Hair Tonic",100,150,,127,127
682,8901030025280,"Vaseline Hair Tonic 100ml","Hair Tonic",90,100,,179,179
683,"8850460988767 8850460984790      ","Lolane Intense Mask Set 300ml","Hair Treatment",350,400,,24,24
684,8850460997400,"Lolane Hairtreatment 500+100","Hair Treatment",420,460,,40,40
685,11804129990000,"YOKO HAIR SPA MILKY RICH 200ml","Hair Treatment",320,400,,24,24
686,"8852053016031 8852053016178 8852053016062 8852053016147    ","Carring Hair Treatment 250ml","Hair Treatment",180,250,,1725,1725
687,5060120163714,"Argan Oil  100ml","Hair Treatment",240,250,,1,1
688,1802111560000,"Argan Hair Treatment","Hair Treatment",260,300,,0,0
689,8850722400068,"Aron Goat Milk Hair Treatment 500ml","Hair Treatment",350,400,,9,9
690,11804151027000,"Lolane Rebonding KIt 263ml","Hair Treatment",650,1300,,21,21
691,309978695202,"Revlon Color","Hair Treatment",290,300,,30,30
692,"8851427008351 8851427009624 8851427004148     ","Carebeau Hair Treatment 500ml","Hair Treatment",350,400,,261,261
693,8850460989504,"Lolane Pixel Hair Treatment 110ml","Hair Treatment",260,300,,516,516
694,"8850460990067 8850460999664      ","Lolane Pixel Hair Treatment 50ml","Hair Treatment",150,200,,98,98
695,8850460997417,"Lolane Hairtreatment 250ml","Hair Treatment",200,250,,102,102
696,11804129980000,"YOKO GOLD DEEP INTENSIVE  HAIR MASK 250ml","Hair Treatment",220,300,,45,45
697,"8852053016185 8852053016154 8852053016024 8852053016055    ","Carring Hair Treatment 500ml","Hair Treatment",350,400,,338,338
698,1802111570000,"Argan Oil  50ml","Hair Treatment",140,150,,1,1
699,8853976005744,"Yoko Argan oil Hair Treatment 250ml","Hair Treatment",260,300,,186,186
700,8850460993235,"Lolane Rebonding Gel 125ml","Hair Treatment",750,1000,,88,88
701,"8851427013171 8851427013188      ","Carebeau Hair Spa 500ml","Hair Treatment",350,400,,56,56
702,1802114030000,"Lolane Hairtreatment 100ml","Hair Treatment",100,120,,0,0
703,1802114080000,"Almas Mehedi","Hand Gloves",35,40,,1,1
704,"8888047857045 8888047857014      ","Aussie Hand Wash 414ml","Hand Wash",100,120,,99,99
705,11804151016000,"Bio Active Banana Crack Heel cream 50ML","Heel cream",130,200,,2744,2744
706,11805191059000,"Vin21 Creked Heels Cream 30g","Heel cream",0,0,,0,0
707,8851447010006,"Poy Sian Inhalar",Inhelar,50,60,,429,429
708,8851447430101,"Poy Sian Balm Oil",Inhelar,40,60,,4,4
709,8851447430026,"Poy Sian Balm Oil Jar",Inhelar,50,80,,1,1
710,8851447430064,"Poy Sian Roll on",Inhelar,90,120,,1,1
711,11803068890000,"Peiyen Aloe Vera sape Magic Lipblam 8067","Lip Gel",34,40,,64,64
712,1802114180000,"Pretty Aloe Lip Balm","Lip Gel",100,100,,0,0
713,8853955002979,"Aron UV Lipgloss 3.2ml","Lip Gel",100,120,,0,0
714,1802114140000,"Candy Lip Balm 10ml","Lip Gel",60,100,,0,0
715,11803068830000,"Peiyen 99% Lipstick Slim 8508","Lip Gel",41,60,,26,26
716,"8850722068930 8850722069326      ","EH Aloe Vera Magic Lip 3.2g","Lip Gel",60,100,,556,556
717,"8858229013965 8858229013972 8858229013941     ","Lip Ice Sheer Color 7ml","Lip Gel",50,60,,925,925
718,1802114230000,"YC LIP & Cheek Pink Gel 15ml","Lip Gel",220,280,,110,110
719,"8850722129471 8850722129464 8850722068893     ","Aron BB Magic Lip Care 3.5gm","Lip Gel",50,80,,3402,3402
720,1802114210000,"Aron Color Lip Care 3.5g","Lip Gel",80,90,,0,0
721,1802114190000,"Aron Vitamin-E Moisturizing Lip Care 3.5g","Lip Gel",80,120,,46,46
722,5099802150117,"Vaseline lip Tharapy","Lip Gel",110,150,,50,50
723,8850722068848,"EH Lip Balm","Lip Gel",60,100,,164,164
724,1802114130000,"Baby Lips","Lip Gel",20,25,,0,0
725,"8850722126869 8858918300932      ","Annasia Lip Gloss 4ml","Lip Gel",40,60,,151,151
726,"8850722129631 8850722129648      ","Magic Lip Care","Lip Gel",40,50,,0,0
727,8850722068794,"Cavier Magic Color Lip 2.7ml","Lip Gel",50,60,,96,96
728,"8850822071137 8850822071144 8850822071113 8850822060773    ","Ka Lip Care","Lip Gel",50,60,,854,854
729,8850722065953,"EH Mixed Fruits Lip Balm 2ml","Lip Gel",15,25,,295,295
730,8850722060323,"G Litter Lipstick 2.3g",Lipstick,80,100,,116,116
731,1802114310000,"Miss Five Lipstick",Lipstick,80,120,,48,48
732,6970673570619,"Mars Lipstick",Lipstick,50,80,,2750,2750
733,"6953743310216 6953743310308 6953743310308 6953743310254    ","Miss Rose Lip stick",Lipstick,80,150,,504,504
734,1802114270000,"Jackelin Lipstick",Lipstick,50,100,,861,861
735,680065018013,"Kylie Lip liner DGM B-15",Lipstick,600,600,,0,0
736,009976232125,"Revlon Lipstick",Lipstick,60,100,,481,481
737,88600000003003,"Kylie Lip Stick Limited Edition",Lipstick,150,160,,0,0
738,11803078940000,"Peiyen Matte Lipstick  P8090",Lipstick,30,40,,96,96
739,6949392944858,"Be Matte Lipstick",Lipstick,60,70,,538,538
740,6903072272723,"Kiss Beauty Matte Lipsticks",Lipstick,50,80,,24,24
741,8589230017535,"Huda Beauty Lip stick 12 PCS SET",Lipstick,220,220,,0,0
742,8850722129259,"Aron Imortal Lipstick",Lipstick,150,180,,218,218
743,11803068880000,"Peiyen Aloe Sape Lipstick 8075",Lipstick,58,70,,120,120
744,11805191055000,"Hello kity Lipstick",Lipstick,0,0,,0,0
745,1802114320000,"Peiyen Girl Fashion Lipstick",Lipstick,80,120,,0,0
746,11803199500000,"Aron Lip Plate Set",Lipstick,300,400,,10,10
747,11803068840000,"Peiyen baby Lips Lipstick 8534",Lipstick,37,60,,1284,1284
748,8858883509699,"Obuse Matte LIp Stick",Lipstick,80,100,,96,96
749,11803068820000,"Peiyen Waterproof Green Lipstick 8126 ",Lipstick,30,40,,72,72
750,8850722126852,"Aron Lip Tiant Colour",Lipstick,80,120,,408,408
751,11803058650000,"99% Aloe Vera Baby Lipsticks ",Lipstick,17,30,,1116,1116
752,"6291106030938 8860000001394      ","Lip Contour Set Huda Beauty",Lipstick,180,180,,2,2
753,1802114260000,"Mac Lipstick",Lipstick,60,100,,460,460
754,0861000166863,"Huda Beauty The Red Lip Stick 41",Lipstick,220,300,,0,0
755,8850722067933,"Aron Baby lipstick 16ml",Lipstick,160,250,,35,35
756,11803159420000,"Peiyen Lipstick  8090",Lipstick,0,0,,0,0
757,6903072279326,"Kiss Beauty Liquid Lipsticks",Lipstick,180,180,,1,1
758,8858883509712,"Obuse Rene Beauty listing Lipstick",Lipstick,80,120,,0,0
759,6905843323382,"Magic Girl Lip Gloss",Lipstick,50,60,,1397,1397
760,"6939374102468 6939374102055      ","Blush Makeup Brush","Makeup Brush",80,90,,1,1
761,11803119200000,"Shower Cap NonWoven 100pcs/pack ",Mask,90,200,,0,0
762,8853976006024,"Yoko Vit-C Brightening Face Mask 20g",Mask,300,350,,181.8,181.8
763,11803078950000,"Face Mask ",Mask,150,200,,0,0
764,11803119170000,"Dexe Gold Musk 150ml",Mask,150,160,,139,139
765,11804161037000,"Mirror Charlolt    CBNCI 3010 12pcs/pck",Mirror,66.67,150,,174,174
766,1802114460000,"Cosmetics Mirror (C)",Mirror,280,340,,5,5
767,1802114440000,"Chic De Mirror No: 430-6 Medium",Mirror,70,80,,0,0
768,1802111540000,"Chic De Mirror No: 430-5 small",Mirror,50,60,,30,30
769,11803058710000,"Pocket Mirror",Mirror,40,60,,5,5
770,1802114470000,"Mirror 2 Way",Mirror,160,180,,1,1
771,11804161036000,"Mirror Charlolt 6pcs/pck",Mirror,166.67,250,,114,114
772,1802114450000,"Chic De Mirror No: 430-8 Big",Mirror,80,90,,1,1
773,"8992725910226 8850007811237      ","Listerine MW 500ml","Mouth Wash",300,350,,435,435
774,8850007811251,"Listerine MW 750+250ml","Mouth Wash",500,650,,78,78
775,"8992725910202 8850007811213      ","Listerine MW 250ml","Mouth Wash",180,200,,1221,1221
776,11804059760000,"PEPSODENT MOUTHWASH 500 ML","Mouth Wash",300,350,,144,144
777,11804059740000,"PEPSODENT MOUTHWASH  150 ML","Mouth Wash",100,150,,120,120
778,"8850006304686 8850006306260 8850006305201 8850006303269    ","Colgate MW 500ml","Mouth Wash",280,340,,644,644
779,11804059750000,"PEPSODENT MOUTHWASH  300 ML","Mouth Wash",200,250,,373,373
780,1802114530000,Tajbbe,"Nail Cutter Set",50,60,,8,8
781,1802114510000,"Pucan Nail Cutter","Nail Cutter Set",60,70,,0,0
782,"6935193250014 6926292527794      ","Omuda Nail Cutter","Nail Cutter Set",65,90,,16,16
783,6939625400633,"S.S.S Nail Cutter","Nail Cutter Set",220,250,,0,0
784,1802114490000,"Nail Cutter Set","Nail Cutter Set",280,300,,23,23
785,1802114550000,"Nail Brush","Nail Polish",40,60,,68,68
786,1802114540000,"Thai Nail Polish 10ml","Nail Polish",50,80,,9144,9144
787,8854245501073,"Lappa Nail Remover 50ml","Nail Remover",500,600,,19,19
788,1802114600000,"Angelina Nail Remover 20ml","Nail Remover",40,60,,101,101
789,8859244200019,"Anasia Nail Remover 120ml","Nail Remover",90,120,,1225,1225
790,1802114560000,"Angelina Nail Remover 100ml","Nail Remover",90,120,,0,0
791,8859244200026,"Anasia Nail Remover 45ml","Nail Remover",40,60,,3455,3455
792,1802114590000,"Neo Nice Nail Remover 450ml","Nail Remover",100,150,,46,46
793,11804151029000,"ATM Napthaline  50ml",Napthaline,276,350,,95,95
794,8850535208011,"Napthaline 800gm",Napthaline,350,350,,614,614
795,11802268360000,"Thai Donla Olive Oil 250ml	","Olive Oil",180,180,,261,261
796,8901248104043,"Navaratana Oil 200ml","Olive Oil",120,160,,0,0
797,8853827003004,"Spa Olive OIl 50ml","Olive Oil",40,80,,91,91
798,11805131050000,"castor oil 80ml","Olive Oil",90,100,,0,0
799,8888115000144,"Axe oil 10ml","Olive Oil",100,100,,73,73
800,8858953200419,"Span Olive Oil 100ml Teen","Olive Oil",180,200,,0,0
801,11802268370000,"Thai Donla Olive Oil 100ml	","Olive Oil",100,100,,703,703
802,8901248104050,"Navaratana Oil 400ml","Olive Oil",220,260,,11,11
803,8410660024629,"Span Olive oli 1000ml","Olive Oil",600,650,,0,0
804,8888115000137,"Axe oil 14ml","Olive Oil",120,125,,18,18
805,8858953200501,"Span Olive Oil 250ml Bottle","Olive Oil",210,230,,0,0
806,8858953200426,"Thai Donla Olive Oil 480ml","Olive Oil",250,350,,35,35
807,11804171045000,"Bio Oil 60ml","Olive Oil",430,450,,2,2
808,"3014230021039 8711700634922      ","Brut EDT Parfume 100ml",Parfume,350,350,,14,14
809,1802114740000,"Pocket Purfume",Parfume,50,80,,788,788
810,5000386147745,"Cherly Parfume 100ml",Parfume,350,380,,0,0
811,11803209540000,"Glaze Peufume",Parfume,160,400,,105,105
812,"6297000442938 6297000442457      ","Yeardly Gentle Man Edt 100ml",Parfume,750,800,,5,5
813,6281056175704,"Prophecy Parfume 100ml",Parfume,400,420,,1588,1588
814,025929121506,"Colour Me Parfume 50ml",Parfume,390,400,,0,0
815,11802268330000,"Quba Parfume 35ml",Parfume,300,330,,19,19
816,"6295124003714 4780030970219      ","Shirley May Parfume 100ml",Parfume,350,400,,15,15
817,11804151018000,"Bio Active Face Mask Charcoal &  Bamboo 100ML","Peel of Musk",120,150,,0,0
818,11804079780000,"Face Mask Box #","Peel of Musk",135,160,,22,22
819,"8998823551248 8998824551346      ","Hanasui Peel of Musk","Peel of Musk",150,250,,54,54
820,6921199182893,"DR. Dave Black Mask 50ml","Peel of Musk",90,100,,97,97
821,"8857101118446 8857101150538 8857101157230 8857101110440 8857101157889   ","YC Peel Of Musk 120ml","Peel of Musk",160,180,,508,508
822,799439309296,"Dexe Black Musk Box","Peel of Musk",250,300,,35,35
823,11804151017000,"Bio Active Face Mask Charcoal & AloeVera 100ML","Peel of Musk",120,150,,5553,5553
824,6921199182909,"Black Mask 100ml #","Peel of Musk",120,130,,0,0
825,799439308947,"Dexe Black Mask 100ml","Peel of Musk",135,140,,206,206
826,1802114760000,"24K Gold Mask 220ml","Peel of Musk",250,300,,32,32
827,"6001085120946 60022141 60022127 6001085121028 60019066 42182634  ","Vaseline Jelly 100ml","Petrolium Jelly",100,120,,2264,2264
828,"6001087005647 6001087010894 6001087010870     ","Vaseline Jelly 250ml","Petrolium Jelly",240,260,,91,91
829,11804151024000,"Pnds Magic BB Powder 50ml",Powder,90,170,,24,24
830,8901030638268,"Ponds Powder 300ml",Powder,270,290,,0,0
831,11803319670000,"Yeardly Powder 250ml",Powder,260,260,,0,0
832,11804151022000,"Snake Prickly heat powder 300ml",Powder,130,200,,424,424
833,11803089090000,"Tabu Powder 200ml",Powder,290,290,,0,0
834,8901030323782,"ponds Powder 400ml",Powder,270,290,,1,1
835,9557348004005,"Cuticura Talcum Powder 400gm",Powder,270,300,,14,14
836,11803089050000,"Enchantaur Body Powder 115ml",Powder,110,115,,0,0
837,1802114830000,"Monglya Prikly Heat Powder 200gm",Powder,150,250,,50,50
838,"8852086001004 8852086101018      ","Snake Pricly Heat Powder 50ml",Powder,40,70,,127,127
839,8856995001513,"Sipan Polish Powder 150gm",Powder,200,250,,18,18
840,11804181046000,"Snake Prickly heat powder 150ml",Powder,90,150,,24,24
841,8901030638589,"Ponds Powder 100ml",Powder,95,100,,13,13
842,1802114880000,"Ponds Powder 200ml",Powder,140,160,,0,0
843,11804119810000,"Yeardly Powder 100ml",Powder,108,120,,14,14
844,9557348002506,"Cuticura Talcum Powder 250gm",Powder,170,200,,0,0
845,1802114840000,"Mother Care Powder 150ml",Powder,400,450,,0,0
846,"8852086000526 8852086923177      ","Snak Active Powder 280ml",Powder,200,260,,129,129
847,11803089040000,"Enchantaur Body Powder 250ml",Powder,190,200,,5,5
848,22164025,"Woodspice/Harvard powder 200ml uk",Powder,400,450,,0,0
849,11803089020000,"Tabu Powder 100ml",Powder,200,220,,142,142
850,"8851932111805 8851932111799      ","Ponds Magic Powder 50ml",Powder,70,80,,19,19
851,"6955549390201 6955549370135 6955549380073 6927704610646 6955549307889   ","KemeI Trimmer",Razors,400,420,,0,0
852,1802114910000,"Venus Razors",Razors,600,650,,0,0
853,8999999040956,"Tresemme Shampoo 340ml",Shampoo,340,360,,84,84
854,"8851932265485 8851932263177 8851932314626     ","Clear Shampoo 350ml",Shampoo,250,280,,69,69
855,11804121001000,"Feather Shampoo 340ml",Shampoo,200,600,,1019,1019
856,11803078960000,"TWIN LOTUS SHAMPOO 200ML",Shampoo,300,450,,60,60
857,8857098000014,"Bio Way Shampoo 240ml",Shampoo,350,400,,0,0
858,"8851932353878 8851932355162      ","Sunsilk Shampoo 320ml",Shampoo,260,300,,302,302
859,11805191054000,"Kurami Hair Loss Shampoo 125ml",Shampoo,0,0,,0,0
860,1802115020000,"Nizoral Shampoo 50ml",Shampoo,400,430,,0,0
861,"8999999041106 8999999041045 8999999041120     ","Tresemme Shampoo 170ml",Shampoo,180,190,,35,35
862,11804129970000,"YOKO AVOCADO SHAMPOO 500ml",Shampoo,400,600,,60,60
863,1802115000000,"Pantene Shampoo 140ml",Shampoo,140,180,,3,3
864,11803068810000,"DEXE HairLoss Shampoo 200ml",Shampoo,200,400,,289,289
865,"9556171000048 9556171000031      ","Flow Me Shampoo 1000ml",Shampoo,600,650,,0,0
866,1802114980000,"Head & Shoulder Shampoo 420ml",Shampoo,260,280,,0,0
867,"8851932351188 8851932280686 8851932227537     ","Dove Shampoo 480ml",Shampoo,400,420,,59,59
868,11802288620000,"LIFEBUOY SHAMPOO  170ML",Shampoo,140,190,,185,185
869,8851495001117,"Anti Lice Shampoo 200ML",Shampoo,300,500,,9,9
870,11802278450000,"Clear Men Shampoo 650ml	",Shampoo,520,580,,1,1
871,"8714789880471 8714789880495      ","Palmolive Shampoo 350ml",Shampoo,220,220,,24,24
872,11802288600000,"LIFEBUOY SHAMPOO  340ML",Shampoo,280,320,,614,614
873,1802114940000,"Selsun Shampoo 100ml",Shampoo,380,500,,187,187
874,11803119160000,"isabella Soap	",Shampoo,100,100,,113,113
875,11803068920000,"Dove shampoo 700ml",Shampoo,540,540,,0,0
876,070501092002,"Neutrogena T.Gel Shampoo 4.4oz",Shampoo,550,600,,2,2
877,"8851932275149 8851932231374      ","Dove Shampoo 375ml",Shampoo,250,280,,22,22
878,8851932292580,"Clear Shampoo 480ml",Shampoo,380,450,,0,0
879,11804151025000,"Lolane Shampoo 2700ml",Shampoo,1200,1600,,0,0
880,8850348530019,"TWIN LOTUS SHAMPOO 300ML",Shampoo,500,650,,10,10
881,"4902430450362 4902430450355 4902430450379     ","Rejoice Shampoo 340ml",Shampoo,300,340,,244,244
882,8858927505311,"Pannamas Bergamot Shampoo 364gm",Shampoo,450,650,,11,11
883,"8851932353854 8851932353823 8851932353861 8851932353847    ","Sunsilk Shampoo 450ml",Shampoo,350,380,,166,166
884,11802288540000,"Kodomo Shampoo 200ml Thai",Shampoo,160,210,,96,96
885,5028197182151,"Body Shop Banana/Rainforce Shampoo 250ml UK",Shampoo,480,550,,6,6
886,"8851932355018 8851932355049 8851932354981 8851932355001 8851932354974 8851932355032  ","Sunsilk Shampoo 160ml",Shampoo,120,160,,281,281
887,11805151053000,"Hafif Shampoo ",Shampoo,240,260,,45,45
888,"381519071935 381519071942      ","Herbal Essences Ehampoo Set",Shampoo,950,1000,,4,4
889,8992304054143,"Loreal Shampoo 120ml",Shampoo,80,120,,187,187
890,"8851932350303 8851932350181 8851932350143     ","Tresemme Shampoo 480ml KS/PS/SR/SS",Shampoo,360,380,,61,61
891,11804129960000,"YOKO HAIR SPA MILKY SHAMPOO 500ml",Shampoo,400,600,,5,5
892,"8850460786363 8850460986442 8850460986503     ","Lolane Pixxel Detoxifier Shampoo 500ml",Shampoo,450,550,,91,91
893,1802114990000,"Sunsilk Shampoo 650ml",Shampoo,450,500,,0,0
894,11802278480000,"Haircare Shampoo 1000ml",Shampoo,600,650,,1,1
895,"8851495003296 8851495002572      ","Anti Lice Shampoo 20ML",Shampoo,45,60,,545,545
896,8855140002757,"Bio Women Shampoo 300ml",Shampoo,380,420,,247,247
897,"8718114561660 8711600450523 8718114621371 8718114622521 8718114560939   ","Dove Shampoo 250ml",Shampoo,160,180,,452,452
898,11802288610000,"LIFEBUOY SHAMPOO  680ML ",Shampoo,500,580,,211,211
899,8851520060225,"Selsun Shampoo 50ml",Shampoo,350,450,,127,127
900,11804151028000,"Rejoice Shampoo 600ml",Shampoo,450,550,,115,115
901,8850007850038,"Nizoral Shampoo 100ml",Shampoo,560,580,,0,0
902,"8851932265386 8851932265409 8851932265324 8851932265348    ","Clear Shampoo Men/Women 180ml",Shampoo,140,160,,1228,1228
903,11804121005000,"Prikly Heat soap 100ml",Shampoo,90,150,,198,198
904,6942644305209,"Subaru Black Hair Shampoo 200ml",Shampoo,200,240,,2,2
905,8851427010200,"Carabeau Hair Loss Shampoo 250ml",Shampoo,380,650,,117,117
906,"4902430396639 4902430396646 4902430432337     ","Rejoice Shampoo 140ml",Shampoo,130,180,,1410,1410
907,"4005808817009 4005808222698      ","Nivea Men Shaving Foam 200ml","Shaving Foam",260,280,,1,1
908,6001159111641,"Kiwi Show Shiner 75ml","Show polish",430,450,,37,37
909,11804121004000,"Anchore Brand Brush","Show polish",54.17,100,,276,276
910,1802112590000,"Show Polish (c)","Show polish",50,70,,22,22
911,11803089100000,"Shaw Polish #","Show polish",50,65,,127,127
912,11804151021000,"Wood Show Brush","Show polish",50,80,,196,196
913,11803319690000,"Enchantaur Soap 100ml",Soap,82,85,,0,0
914,11802288550000,"Acnes Soap 80g",Soap,70,120,,555,555
915,11803149280000,"Fiama Soap 125ml",Soap,82,100,,21,21
916,8858692901004,"OMO White Plus Mix Colour Soap 100g",Soap,85,100,,4652,4652
917,8853976000428,"Yoko Milk Soap 100ml",Soap,90,110,,434,434
918,8853976004457,"Yoko MIlk Soap 100ml Box",Soap,90,110,,18,18
919,8853502010679,"Madame Acnee Clear Soap 150gm",Soap,120,250,,262,262
920,"8857122751622 8857122751820 8857122751707 8858891602887 8857122751103 8857122751974 8858891600104 8858891600517","JAM Harbal Soap 60gm",Soap,30,70,,4208,4208
921,11803068870000,"Shinzui Soap 100ml",Soap,40,100,,73,73
922,8858907800078,"Alpha Arbutin Soap 70g",Soap,140,200,,396,396
923,8853252005864,"K.Brothers Rice Milk Soap 100ml",Soap,80,150,,147,147
924,8993286421206,"Classic White Soap 85gm",Soap,45,100,,5255,5255
925,8857101110754,"YC Acne Soap 100gm",Soap,110,120,,398,398
926,1802115490000,"Bumbim Soap",Soap,190,250,,28,28
927,8850002123403,"Kim Soap 60gm",Soap,30,70,,4291,4291
928,8858832533553,"Fiore Papaya Soap 135gm",Soap,65,90,,1133,1133
929,8858790800391,"Roselyn Anti-Aging Soap 60g",Soap,150,200,,116,116
930,8850169047024,"Imperial Soap 200gm",Soap,72,75,,0,0
931,11803199450000,"Bio Active Milk Soap 100ml",Soap,83,200,,2741,2741
932,11804129930000,"YOKO FLORAL HERBAL SOAP 80g",Soap,80,200,,282,282
933,8853976004433,"Yoko Aloe Vera Whitening Soap 100gm",Soap,100,120,,308,308
934,"8853252002719 8853252002702      ","K.Brothers Aha Soap 100g",Soap,120,150,,1325,1325
935,8858831000247,"Bust Collagen Soap 70gm",Soap,60,100,,247,247
936,11803199430000,"Bio Active Dark Spot Remover Soap 100ml",Soap,83,200,,2412,2412
937,8855753000010,"Asantee Tamarind Goat Milk Soap 135g",Soap,90,150,,100,100
938,8853252007387,"K.Brothers Gold Soap",Soap,40,50,,423,423
939,"8858891602917 8858891602894      ","Jam Tomato Soap Box 60g",Soap,30,100,,2157,2157
940,11803089010000,"Tabu Soap",Soap,140,160,,77,77
941,8853252009923,"USA Black Soap 50gm",Soap,30,35,,7512,7512
942,8858790800384,"Rose line Black Parl Soap 90gm",Soap,90,200,,22,22
943,1802115260000,"Shichade' Soap 50gm",Soap,50,120,,92,92
944,"8853252005963 8853252005956      ","Thanaka K.Brothers Soap 60gm",Soap,50,120,,9134,9134
945,8853252004515,"K.Brothers Slimming & Firming Soap 40g",Soap,80,120,,581,581
946,8859288000569,"Aura White Virgin Soap 120gm",Soap,300,300,,23,23
947,8857122751769,"Jam Tamarind Soap 135gm",Soap,70,80,,437,437
948,"7640129890118 7640129892198 7640129892662     ","Asap Soap 80gm",Soap,70,90,,319,319
949,11803149290000,"Bio Active Goat Milk Soap 100ml",Soap,85,200,,2696,2696
950,1802115390000,"Gluta Pure White Soap 70g",Soap,120,200,,1785,1785
951,8858831005044,"Vipada Honey & Gold Soap 130g",Soap,120,200,,287,287
952,8850006534359,"Protex Soap 75gm",Soap,55,70,,21,21
953,"6281001816423 6281001816638 6281001816485 6281001816461    ","Palmolive Soap 175gm",Soap,69,78,,20,20
954,8903105010917,"Yardley Soap 100ml",Soap,235,240,,2,2
955,1400000020647,"Fruits soap 50ml",Soap,100,180,,132,132
956,1802115200000,"YC Harbal Soap 100gm",Soap,100,110,,1509,1509
957,"8993560025021 8993560025069 8993560025106     ","Dettol Soap 110gm",Soap,50,60,,636,636
958,1802115350000,"Natripa Orange Soap 50g",Soap,50,60,,96,96
959,8853976004051,"Yoko Herbal Soap Box",Soap,110,160,,338,338
960,8851932350518,"Lux Soap 110gm",Soap,50,60,,0,0
961,8858831000612,"Vipada Papaya Soap 70gm",Soap,50,120,,140,140
962,8851412145627,"Riya Co Soap 80gm",Soap,120,150,,237,237
963,6921199178889,"Papaya Soap 100ml",Soap,50,70,,12,12
964,11803199460000,"Bio Active Aloe Vera Soap 100ml",Soap,83,200,,2690,2690
965,11804129940000,"YOKO ORGANIC HERBAL SOAP 80g",Soap,70,200,,183,183
966,8858927500439,"Dorliene Slim Soap 80gm",Soap,80,120,,28,28
967,8858831002234,"LC Le Care Soap 100gm",Soap,100,120,,188,188
968,11803199440000,"Bio Active Sulfur Soap 100ml",Soap,83,200,,3183,3183
969,1802115460000,"Charcoal Soap 65g",Soap,30,100,,357,357
970,11804129920000,"YOKO THE BOUQUET FRAGRANCE FLORAL SOAP 80g",Soap,80,200,,268,268
971,8853976004587,"YOKO ACNE MELESMA SOAP 80GM",Soap,150,200,,558,558
972,"8858831000209 8858831000018      ","Vipada Goatmilk Soap 60ml",Soap,120,200,,118,118
973,8853502010280,"Argeville USA Black Soap 120gm",Soap,80,85,,1071,1071
974,8858790800377,"Roselyn Gold Dust Soap 80g",Soap,130,280,,61,61
975,8858868300426,"Whitening Herbal Soap 160gm",Soap,60,60,,94,94
976,"8857110780818 8857110780818 8857110780818     ","Lee Papaya Kojic Acid Soap 160ml",Soap,120,250,,1168,1168
977,8855059001414,"Snail White Soap 60ml",Soap,130,200,,36,36
978,1802115570000,"Fern Soap 80G",Soap,90,100,,3966,3966
979,8859159200043,"Spa Soap 90gm",Soap,100,120,,46,46
980,"8859288000019 8859288000088 8859288000095 8859288000057 8859288000071   ","Nano Extra White Soap 160gm",Soap,140,220,,728,728
981,8858311001320,"Vampier Soap 100ml",Soap,140,200,,227,227
982,8859239301349,"Aloevera Snail Soap 70g",Soap,100,160,,77,77
983,1802115230000,"YC Whitenning Milk Soap 90gm",Soap,100,110,,602,602
984,"8993379200855 8993379200886 8993379241858     ","Harmony Soap 70gm",Soap,22,26,,4665,4665
985,1802115580000,"Soap Case","Soap Case",40,50,,487,487
986,11803319660000,"Powder Case (thai)","Soap Case",0,0,,0,0
987,8809341837656,"Cucumber Body Gell 250ml","Sooting Gel",140,150,,7,7
988,11804281047000,"Gluta White 1500000mg","Sooting Gel",680,750,,0,0
989,"8853252008339 8853252008315 8853252005369 8853252008346 8853252008322   ","K.Brothers Spa Salt Scrub","Spa Salt Body Scrub",200,250,,254,254
990,11804161035000,"Derlise spa salt 800ml","Spa Salt Body Scrub",400,450,,118,118
991,11804129950000,"YOKO SPA SALT FOR ARMPIT & BIKINI AREA 220ml","Spa Salt Body Scrub",80,140,,1,1
992,"8858947903784 8858947904644      ","DERLISE SPA SALT 300ml","Spa Salt Body Scrub",150,250,,115,115
993,"8850722290508 8850722290546 8850722290560     ","My Choice Salt 350ml","Spa Salt Body Scrub",150,250,,461,461
994,"8857098300312 8857098300329      ","Nine Teen Bleach Cream 80ml","Spa Salt Body Scrub",180,350,,17,17
995,11803139240000,"Gluta Berry 20000Mg Whitening Juice ",Strips,600,1000,,17,17
996,"8851818010505 8851818020405 8992727005937 8992727002837 8992727005555 8992727005555  ","Biore Nose Strips",Strips,140,200,,1187,1187
997,5012251012348,"B/F Wax Strips",Strips,180,250,,0,0
998,11804099790000,"Vsia Coffe",Tea,400,500,,3,3
999,1802111550000,"Sliming Tea",Tea,230,250,,134,134
1000,8888115000120,"Axe Oil 28ml","Thai Balm",170,180,,101,101
1001,8856051009989,"Thai Balm","Thai Balm",50,100,,828,828
1002,6932511214161,"Disaar Rapid Relif 50ml","Thai Balm",120,150,,689,689
1003,6932511204865,"Disaar Musel Pain 50ml","Thai Balm",120,150,,441,441
1004,8999999043278,"Pepsodent Brush Deep Clean",Toothbrush,40,90,,40,40
1005,18851299001174,"Aim Brush",Toothbrush,60,80,,564,564
1006,"8999999037987 8999999038007      ","Pepsodent Brush Action123",Toothbrush,40,80,,5074,5074
1007,11803058680000,"Oral B Ultra Clean Single Toothbrush",Toothbrush,50,50,,1728,1728
1008,1802115650000,"Freshly Brush",Toothbrush,30,50,,0,0
1009,8851938902131,"Victory remla Toothbrush",Toothbrush,120,150,,202,202
1010,6001424129906,"Aquafresh Brush (C)",Toothbrush,30,33,,31,31
1011,1802115740000,"Oral-B Ultra Thin Toothbrush",Toothbrush,80,120,,0,0
1012,9556031089626,"Colgate Toothbrush Twister",Toothbrush,65,70,,99,99
1013,8851938902223,"Victory Brush Sslima Travel Box",Toothbrush,80,120,,844,844
1014,1802115680000,"Pepsodent Brush Vertical Expert",Toothbrush,80,80,,0,0
1015,"8809014275020 8809435660108 8809014275013     ","Bio Care Brush (Korea)",Toothbrush,130,160,,69,69
1016,1802115660000,"Jaga Brush",Toothbrush,30,50,,0,0
1017,11803058670000,"Oral B Ultra Clean twin Brush",Toothbrush,60,60,,889,889
1018,8999999039233,"Pepsodent Brush Triple Clean",Toothbrush,28,40,,5103,5103
1019,8857123698117,"Deemild Toothbrush 526",Toothbrush,60,100,,152,152
1020,4902430502214,"Oral B Brush Set",Toothbrush,120,150,,970,970
1021,9555019000554,"Jordan Toothbrush",Toothbrush,50,60,,0,0
1022,11803109150000,"Zennlab  Toothbrush 903-7",Toothbrush,60,80,,27,27
1023,04902430357968,"Oral B Shiny clean Brush",Toothbrush,29.67,40,,3720,3720
1024,"9556031159466 9556031159473      ","Colgate Paste 75g",Toothpaste,80,90,,392,392
1025,1802115840000,"Sensodyne Paste 160gm",Toothpaste,320,360,,0,0
1026,8999999710873,"Pepsodent Harbal Paste 120gm",Toothpaste,90,150,,1661,1661
1027,11803319650000,"Zact Paste 190gm",Toothpaste,140,190,,881,881
1028,8999999037765,"Pepsodent Paste 225gm",Toothpaste,120,200,,939,939
1029,8852525369030,"Isme Paste 30G",Toothpaste,40,80,,39,39
1030,8850006324172,"Colgate Max Fresh Toothpast 100ml",Toothpaste,100,120,,1471,1471
1031,5000347000898,"Aquafresh Toothpaste 100ml",Toothpaste,160,180,,0,0
1032,11804161044000,"Sensodyne Pronamel Paste 75gm	",Toothpaste,300,330,,0,0
1033,8850002009011,"Zact Paste Smokers 150gm",Toothpaste,160,190,,166,166
1034,1802115870000,"Sensodyne Paste Pump 100gm UK",Toothpaste,430,480,,0,0
1035,8998866102636,"Zact Paste 150gm",Toothpaste,120,150,,128,128
1036,8999999706180,"Pepsodent Paste 190gm",Toothpaste,100,130,,1200,1200
1037,8999999030186,"Pepsodent Paste 190gm Action123",Toothpaste,100,150,,1741,1741
1038,8999999710866,"Pepsodent Herbal Past 190g",Toothpaste,100,180,,1228,1228
1039,8851228007058,"Darlie Double Action Toothpaste 180gm",Toothpaste,140,150,,27,27
1040,8857102910162,"Herbal Clove Toothpaset",Toothpaste,80,120,,78,78
1041,11804059770000,"Sensodyne Past Repair 100ml ",Toothpaste,250,350,,49,49
1042,8991991161332,"Sensodyne Paste 100gm",Toothpaste,275,285,,2,2
1043,11804121007000,"Twin lotus herbal toothpaste 150ml",Toothpaste,150,200,,24,24
1044,6001067003366,"Colgate Advance Whitening Past 100g",Toothpaste,100,120,,1046,1046
1045,8998866106191,"Ciptadent Paste 190gm",Toothpaste,100,150,,556,556
1046,11803209530000,"Colgate Advance Whitening Past 145g",Toothpaste,140,150,,6,6
1047,1802115860000,"Close Up Paste 160gm",Toothpaste,140,160,,0,0
