"SL No.",Name,"User Name","Father's Name","Mother's Name",Mobile,Email,"Permanent Address","Present Address","National Id","Fixed Salary(Till November)","Advance Salary(Till November)","Due Salary(Till November)"
1,"Bablu MD",bablu,Null,Null,01963154059,admin@gmail.com,Dhaka,Dhaka,1257489631,1,0,0
2,"Hasan Ahmed",hasan,Null,Null,0100000000,hasan@gmail.com,Dhaka,Dhaka,4587441254784,8000,0,0
3,"Super Admin",super_admin,Admin,Admin,0180000000,superadmin@example.com,Dhaka,Dhaka,180000000,1,0,0
4,"Shohag Shohag",shohag,Null,Null,0180000000,shohag@gmail.com,Dhaka,Dhaka,1,1,0,0
5,"Saiful MD",saiful,Test,Test,0180000000,saiful@test.com,Dhaka,Dhaka,11111111115454,1,0,0
6,"Raihan MD",raihan,Test,Test,01910000078,raihan@test.com,Dhaka,Dhaka,1100110110101010,1,0,0
7,"Ibrahim Kabir",ibrahim,Test,Test,010101010101,ibrahim@test.com,Dhaka,Dhaka,1919191019101910,1,0,0
8,"Nayem MD",nayem,test,test,11112223313,test121@gmail.com,Dhaka,Dhaka,21212121212,7000,0,0
9,"MD SHAMIM",shamim,"KHORSHED ALAM","SHAINUR BEGAM",01876655297,,,,0,0,0,0
